,date,DJIA
0,2010-01-04,10583.96
1,2010-01-05,10572.02
2,2010-01-06,10573.68
3,2010-01-07,10606.86
4,2010-01-08,10618.19
5,2010-01-11,10663.99
6,2010-01-12,10627.26
7,2010-01-13,10680.77
8,2010-01-14,10710.55
9,2010-01-15,10609.65
10,2010-01-19,10725.43
11,2010-01-20,10603.15
12,2010-01-21,10389.88
13,2010-01-22,10172.98
14,2010-01-25,10196.86
15,2010-01-26,10194.29
16,2010-01-27,10236.16
17,2010-01-28,10120.46
18,2010-01-29,10067.33
19,2010-02-01,10185.53
20,2010-02-02,10296.85
21,2010-02-03,10270.55
22,2010-02-04,10002.18
23,2010-02-05,10012.23
24,2010-02-08,9908.39
25,2010-02-09,10058.64
26,2010-02-10,10038.38
27,2010-02-11,10144.19
28,2010-02-12,10099.14
29,2010-02-16,10268.81
30,2010-02-17,10309.24
31,2010-02-18,10392.9
32,2010-02-19,10402.35
33,2010-02-22,10383.38
34,2010-02-23,10282.41
35,2010-02-24,10374.16
36,2010-02-25,10321.03
37,2010-02-26,10325.26
38,2010-03-01,10403.79
39,2010-03-02,10405.98
40,2010-03-03,10396.76
41,2010-03-04,10444.14
42,2010-03-05,10566.2
43,2010-03-08,10552.52
44,2010-03-09,10564.38
45,2010-03-10,10567.33
46,2010-03-11,10611.84
47,2010-03-12,10624.69
48,2010-03-15,10642.15
49,2010-03-16,10685.98
50,2010-03-17,10733.67
51,2010-03-18,10779.17
52,2010-03-19,10741.98
53,2010-03-22,10785.89
54,2010-03-23,10888.83
55,2010-03-24,10836.15
56,2010-03-25,10841.21
57,2010-03-26,10850.36
58,2010-03-29,10895.86
59,2010-03-30,10907.42
60,2010-03-31,10856.63
61,2010-04-01,10927.07
62,2010-04-05,10973.55
63,2010-04-06,10969.99
64,2010-04-07,10897.52
65,2010-04-08,10927.07
66,2010-04-09,10997.35
67,2010-04-12,11005.97
68,2010-04-13,11019.42
69,2010-04-14,11123.11
70,2010-04-15,11144.57
71,2010-04-16,11018.66
72,2010-04-19,11092.05
73,2010-04-20,11117.06
74,2010-04-21,11124.92
75,2010-04-22,11134.29
76,2010-04-23,11204.28
77,2010-04-26,11205.03
78,2010-04-27,10991.99
79,2010-04-28,11045.27
80,2010-04-29,11167.32
81,2010-04-30,11008.61
82,2010-05-03,11151.83
83,2010-05-04,10926.77
84,2010-05-05,10868.12
85,2010-05-06,10520.32
86,2010-05-07,10380.43
87,2010-05-10,10785.14
88,2010-05-11,10748.26
89,2010-05-12,10896.91
90,2010-05-13,10782.95
91,2010-05-14,10620.16
92,2010-05-17,10625.83
93,2010-05-18,10510.95
94,2010-05-19,10444.37
95,2010-05-20,10068.01
96,2010-05-21,10193.39
97,2010-05-24,10066.57
98,2010-05-25,10043.75
99,2010-05-26,9974.45
100,2010-05-27,10258.99
101,2010-05-28,10136.63
102,2010-06-01,10024.02
103,2010-06-02,10249.54
104,2010-06-03,10255.28
105,2010-06-04,9931.97
106,2010-06-07,9816.49
107,2010-06-08,9939.98
108,2010-06-09,9899.25
109,2010-06-10,10172.53
110,2010-06-11,10211.07
111,2010-06-14,10190.89
112,2010-06-15,10404.77
113,2010-06-16,10409.46
114,2010-06-17,10434.17
115,2010-06-18,10450.64
116,2010-06-21,10442.41
117,2010-06-22,10293.52
118,2010-06-23,10298.44
119,2010-06-24,10152.8
120,2010-06-25,10143.81
121,2010-06-28,10138.52
122,2010-06-29,9870.3
123,2010-06-30,9774.02
124,2010-07-01,9732.53
125,2010-07-02,9686.48
126,2010-07-06,9743.62
127,2010-07-07,10018.28
128,2010-07-08,10138.99
129,2010-07-09,10198.03
130,2010-07-12,10216.27
131,2010-07-13,10363.02
132,2010-07-14,10366.72
133,2010-07-15,10359.31
134,2010-07-16,10097.9
135,2010-07-19,10154.43
136,2010-07-20,10229.96
137,2010-07-21,10120.53
138,2010-07-22,10322.3
139,2010-07-23,10424.62
140,2010-07-26,10525.43
141,2010-07-27,10537.69
142,2010-07-28,10497.88
143,2010-07-29,10467.16
144,2010-07-30,10465.94
145,2010-08-02,10674.38
146,2010-08-03,10636.38
147,2010-08-04,10680.43
148,2010-08-05,10674.98
149,2010-08-06,10653.56
150,2010-08-09,10698.75
151,2010-08-10,10644.25
152,2010-08-11,10378.83
153,2010-08-12,10319.95
154,2010-08-13,10303.15
155,2010-08-16,10302.01
156,2010-08-17,10405.85
157,2010-08-18,10415.54
158,2010-08-19,10271.21
159,2010-08-20,10213.62
160,2010-08-23,10174.41
161,2010-08-24,10040.45
162,2010-08-25,10060.06
163,2010-08-26,9985.81
164,2010-08-27,10150.65
165,2010-08-30,10009.73
166,2010-08-31,10014.72
167,2010-09-01,10269.47
168,2010-09-02,10320.1
169,2010-09-03,10447.93
170,2010-09-07,10340.69
171,2010-09-08,10387.01
172,2010-09-09,10415.24
173,2010-09-10,10462.77
174,2010-09-13,10544.13
175,2010-09-14,10526.49
176,2010-09-15,10572.73
177,2010-09-16,10594.83
178,2010-09-17,10607.85
179,2010-09-20,10753.62
180,2010-09-21,10761.03
181,2010-09-22,10739.31
182,2010-09-23,10662.42
183,2010-09-24,10860.26
184,2010-09-27,10812.04
185,2010-09-28,10858.14
186,2010-09-29,10835.28
187,2010-09-30,10788.05
188,2010-10-01,10829.68
189,2010-10-04,10751.27
190,2010-10-05,10944.72
191,2010-10-06,10967.65
192,2010-10-07,10948.58
193,2010-10-08,11006.48
194,2010-10-11,11010.34
195,2010-10-12,11020.4
196,2010-10-13,11096.08
197,2010-10-14,11094.57
198,2010-10-15,11062.78
199,2010-10-18,11143.69
200,2010-10-19,10978.62
201,2010-10-20,11107.97
202,2010-10-21,11146.57
203,2010-10-22,11132.56
204,2010-10-25,11164.05
205,2010-10-26,11169.46
206,2010-10-27,11126.28
207,2010-10-28,11113.95
208,2010-10-29,11118.49
209,2010-11-01,11124.62
210,2010-11-02,11188.72
211,2010-11-03,11215.13
212,2010-11-04,11434.84
213,2010-11-05,11444.08
214,2010-11-08,11406.84
215,2010-11-09,11346.75
216,2010-11-10,11357.04
217,2010-11-11,11283.1
218,2010-11-12,11192.58
219,2010-11-15,11201.97
220,2010-11-16,11023.5
221,2010-11-17,11007.88
222,2010-11-18,11181.23
223,2010-11-19,11203.55
224,2010-11-22,11178.58
225,2010-11-23,11036.37
226,2010-11-24,11187.28
227,2010-11-26,11092.0
228,2010-11-29,11052.49
229,2010-11-30,11006.02
230,2010-12-01,11255.78
231,2010-12-02,11362.41
232,2010-12-03,11382.09
233,2010-12-06,11362.19
234,2010-12-07,11359.16
235,2010-12-08,11372.48
236,2010-12-09,11370.06
237,2010-12-10,11410.32
238,2010-12-13,11428.56
239,2010-12-14,11476.54
240,2010-12-15,11457.47
241,2010-12-16,11499.25
242,2010-12-17,11491.91
243,2010-12-20,11478.13
244,2010-12-21,11533.16
245,2010-12-22,11559.49
246,2010-12-23,11573.49
247,2010-12-27,11555.03
248,2010-12-28,11575.54
249,2010-12-29,11585.38
250,2010-12-30,11569.71
251,2010-12-31,11577.51
252,2011-01-03,11670.75
253,2011-01-04,11691.18
254,2011-01-05,11722.89
255,2011-01-06,11697.31
256,2011-01-07,11674.76
257,2011-01-10,11637.45
258,2011-01-11,11671.88
259,2011-01-12,11755.44
260,2011-01-13,11731.9
261,2011-01-14,11787.38
262,2011-01-18,11837.93
263,2011-01-19,11825.29
264,2011-01-20,11822.8
265,2011-01-21,11871.84
266,2011-01-24,11980.52
267,2011-01-25,11977.19
268,2011-01-26,11985.44
269,2011-01-27,11989.83
270,2011-01-28,11823.7
271,2011-01-31,11891.93
272,2011-02-01,12040.16
273,2011-02-02,12041.97
274,2011-02-03,12062.26
275,2011-02-04,12092.15
276,2011-02-07,12161.63
277,2011-02-08,12233.15
278,2011-02-09,12239.89
279,2011-02-10,12229.29
280,2011-02-11,12273.26
281,2011-02-14,12268.19
282,2011-02-15,12226.64
283,2011-02-16,12288.17
284,2011-02-17,12318.14
285,2011-02-18,12391.25
286,2011-02-22,12212.79
287,2011-02-23,12105.78
288,2011-02-24,12068.5
289,2011-02-25,12130.45
290,2011-02-28,12226.34
291,2011-03-01,12058.02
292,2011-03-02,12066.8
293,2011-03-03,12258.2
294,2011-03-04,12169.88
295,2011-03-07,12090.03
296,2011-03-08,12214.38
297,2011-03-09,12213.09
298,2011-03-10,11984.61
299,2011-03-11,12044.4
300,2011-03-14,11993.16
301,2011-03-15,11855.42
302,2011-03-16,11613.3
303,2011-03-17,11774.59
304,2011-03-18,11858.52
305,2011-03-21,12036.53
306,2011-03-22,12018.63
307,2011-03-23,12086.02
308,2011-03-24,12170.56
309,2011-03-25,12220.59
310,2011-03-28,12197.88
311,2011-03-29,12279.01
312,2011-03-30,12350.61
313,2011-03-31,12319.73
314,2011-04-01,12376.72
315,2011-04-04,12400.03
316,2011-04-05,12393.9
317,2011-04-06,12426.75
318,2011-04-07,12409.49
319,2011-04-08,12380.05
320,2011-04-11,12381.11
321,2011-04-12,12263.58
322,2011-04-13,12270.99
323,2011-04-14,12285.15
324,2011-04-15,12341.83
325,2011-04-18,12201.59
326,2011-04-19,12266.75
327,2011-04-20,12453.54
328,2011-04-21,12505.99
329,2011-04-25,12479.88
330,2011-04-26,12595.37
331,2011-04-27,12690.96
332,2011-04-28,12763.31
333,2011-04-29,12810.54
334,2011-05-02,12807.36
335,2011-05-03,12807.51
336,2011-05-04,12723.58
337,2011-05-05,12584.17
338,2011-05-06,12638.74
339,2011-05-09,12684.68
340,2011-05-10,12760.36
341,2011-05-11,12630.03
342,2011-05-12,12695.92
343,2011-05-13,12595.75
344,2011-05-16,12548.37
345,2011-05-17,12479.58
346,2011-05-18,12560.18
347,2011-05-19,12605.32
348,2011-05-20,12512.04
349,2011-05-23,12381.26
350,2011-05-24,12356.21
351,2011-05-25,12394.66
352,2011-05-26,12402.76
353,2011-05-27,12441.58
354,2011-05-31,12569.79
355,2011-06-01,12290.14
356,2011-06-02,12248.55
357,2011-06-03,12151.26
358,2011-06-06,12089.96
359,2011-06-07,12070.81
360,2011-06-08,12048.94
361,2011-06-09,12124.36
362,2011-06-10,11951.91
363,2011-06-13,11952.97
364,2011-06-14,12076.11
365,2011-06-15,11897.27
366,2011-06-16,11961.52
367,2011-06-17,12004.36
368,2011-06-20,12080.38
369,2011-06-21,12190.01
370,2011-06-22,12109.67
371,2011-06-23,12050.0
372,2011-06-24,11934.58
373,2011-06-27,12043.56
374,2011-06-28,12188.69
375,2011-06-29,12261.42
376,2011-06-30,12414.34
377,2011-07-01,12582.77
378,2011-07-05,12569.87
379,2011-07-06,12626.02
380,2011-07-07,12719.49
381,2011-07-08,12657.2
382,2011-07-11,12505.76
383,2011-07-12,12446.88
384,2011-07-13,12491.61
385,2011-07-14,12437.12
386,2011-07-15,12479.73
387,2011-07-18,12385.16
388,2011-07-19,12587.42
389,2011-07-20,12571.91
390,2011-07-21,12724.41
391,2011-07-22,12681.16
392,2011-07-25,12592.8
393,2011-07-26,12501.3
394,2011-07-27,12302.55
395,2011-07-28,12240.11
396,2011-07-29,12143.24
397,2011-08-01,12132.49
398,2011-08-02,11866.62
399,2011-08-03,11896.44
400,2011-08-04,11383.68
401,2011-08-05,11444.61
402,2011-08-08,10809.85
403,2011-08-09,11239.77
404,2011-08-10,10719.94
405,2011-08-11,11143.31
406,2011-08-12,11269.02
407,2011-08-15,11482.9
408,2011-08-16,11405.93
409,2011-08-17,11410.21
410,2011-08-18,10990.58
411,2011-08-19,10817.65
412,2011-08-22,10854.65
413,2011-08-23,11176.76
414,2011-08-24,11320.71
415,2011-08-25,11149.82
416,2011-08-26,11284.54
417,2011-08-29,11539.25
418,2011-08-30,11559.95
419,2011-08-31,11613.53
420,2011-09-01,11493.57
421,2011-09-02,11240.26
422,2011-09-06,11139.3
423,2011-09-07,11414.86
424,2011-09-08,11295.81
425,2011-09-09,10992.13
426,2011-09-12,11061.12
427,2011-09-13,11105.85
428,2011-09-14,11246.73
429,2011-09-15,11433.18
430,2011-09-16,11509.09
431,2011-09-19,11401.01
432,2011-09-20,11408.66
433,2011-09-21,11124.84
434,2011-09-22,10733.83
435,2011-09-23,10771.48
436,2011-09-26,11043.86
437,2011-09-27,11190.69
438,2011-09-28,11010.9
439,2011-09-29,11153.98
440,2011-09-30,10913.38
441,2011-10-03,10655.3
442,2011-10-04,10808.71
443,2011-10-05,10939.95
444,2011-10-06,11123.33
445,2011-10-07,11103.12
446,2011-10-10,11433.18
447,2011-10-11,11416.3
448,2011-10-12,11518.85
449,2011-10-13,11478.13
450,2011-10-14,11644.49
451,2011-10-17,11397.0
452,2011-10-18,11577.05
453,2011-10-19,11504.62
454,2011-10-20,11541.78
455,2011-10-21,11808.79
456,2011-10-24,11913.62
457,2011-10-25,11706.62
458,2011-10-26,11869.04
459,2011-10-27,12208.55
460,2011-10-28,12231.11
461,2011-10-31,11955.01
462,2011-11-01,11657.96
463,2011-11-02,11836.04
464,2011-11-03,12044.47
465,2011-11-04,11983.24
466,2011-11-07,12068.39
467,2011-11-08,12170.18
468,2011-11-09,11780.94
469,2011-11-10,11893.79
470,2011-11-11,12153.68
471,2011-11-14,12078.98
472,2011-11-15,12096.16
473,2011-11-16,11905.59
474,2011-11-17,11770.73
475,2011-11-18,11796.16
476,2011-11-21,11547.31
477,2011-11-22,11493.72
478,2011-11-23,11257.55
479,2011-11-25,11231.78
480,2011-11-28,11523.01
481,2011-11-29,11555.63
482,2011-11-30,12045.68
483,2011-12-01,12020.03
484,2011-12-02,12019.42
485,2011-12-05,12097.83
486,2011-12-06,12150.13
487,2011-12-07,12196.37
488,2011-12-08,11997.7
489,2011-12-09,12184.26
490,2011-12-12,12021.39
491,2011-12-13,11954.94
492,2011-12-14,11823.48
493,2011-12-15,11868.81
494,2011-12-16,11866.39
495,2011-12-19,11766.26
496,2011-12-20,12103.58
497,2011-12-21,12107.74
498,2011-12-22,12169.65
499,2011-12-23,12294.0
500,2011-12-27,12291.35
501,2011-12-28,12151.41
502,2011-12-29,12287.04
503,2011-12-30,12217.56
504,2012-01-03,12397.38
505,2012-01-04,12418.42
506,2012-01-05,12415.7
507,2012-01-06,12359.92
508,2012-01-09,12392.69
509,2012-01-10,12462.47
510,2012-01-11,12449.45
511,2012-01-12,12471.02
512,2012-01-13,12422.06
513,2012-01-17,12482.07
514,2012-01-18,12578.95
515,2012-01-19,12623.98
516,2012-01-20,12720.48
517,2012-01-23,12708.82
518,2012-01-24,12675.75
519,2012-01-25,12756.96
520,2012-01-26,12734.63
521,2012-01-27,12660.46
522,2012-01-30,12653.72
523,2012-01-31,12632.91
524,2012-02-01,12716.46
525,2012-02-02,12705.41
526,2012-02-03,12862.23
527,2012-02-06,12845.13
528,2012-02-07,12878.2
529,2012-02-08,12883.95
530,2012-02-09,12890.46
531,2012-02-10,12801.23
532,2012-02-13,12874.04
533,2012-02-14,12878.28
534,2012-02-15,12780.95
535,2012-02-16,12904.08
536,2012-02-17,12949.87
537,2012-02-21,12965.69
538,2012-02-22,12938.67
539,2012-02-23,12984.69
540,2012-02-24,12982.95
541,2012-02-27,12981.51
542,2012-02-28,13005.12
543,2012-02-29,12952.07
544,2012-03-01,12980.3
545,2012-03-02,12977.57
546,2012-03-05,12962.81
547,2012-03-06,12759.15
548,2012-03-07,12837.33
549,2012-03-08,12907.94
550,2012-03-09,12922.02
551,2012-03-12,12959.71
552,2012-03-13,13177.68
553,2012-03-14,13194.1
554,2012-03-15,13252.76
555,2012-03-16,13232.62
556,2012-03-19,13239.13
557,2012-03-20,13170.19
558,2012-03-21,13124.62
559,2012-03-22,13046.14
560,2012-03-23,13080.73
561,2012-03-26,13241.63
562,2012-03-27,13197.73
563,2012-03-28,13126.21
564,2012-03-29,13145.82
565,2012-03-30,13212.04
566,2012-04-02,13264.49
567,2012-04-03,13199.55
568,2012-04-04,13074.75
569,2012-04-05,13060.14
570,2012-04-09,12929.59
571,2012-04-10,12715.93
572,2012-04-11,12805.39
573,2012-04-12,12986.58
574,2012-04-13,12849.59
575,2012-04-16,12921.41
576,2012-04-17,13115.54
577,2012-04-18,13032.75
578,2012-04-19,12964.1
579,2012-04-20,13029.26
580,2012-04-23,12927.17
581,2012-04-24,13001.56
582,2012-04-25,13090.72
583,2012-04-26,13204.62
584,2012-04-27,13228.31
585,2012-04-30,13213.63
586,2012-05-01,13279.32
587,2012-05-02,13268.57
588,2012-05-03,13206.59
589,2012-05-04,13038.27
590,2012-05-07,13008.53
591,2012-05-08,12932.09
592,2012-05-09,12835.06
593,2012-05-10,12855.04
594,2012-05-11,12820.6
595,2012-05-14,12695.35
596,2012-05-15,12632.0
597,2012-05-16,12598.55
598,2012-05-17,12442.49
599,2012-05-18,12369.38
600,2012-05-21,12504.48
601,2012-05-22,12502.81
602,2012-05-23,12496.15
603,2012-05-24,12529.75
604,2012-05-25,12454.83
605,2012-05-29,12580.69
606,2012-05-30,12419.86
607,2012-05-31,12393.45
608,2012-06-01,12118.57
609,2012-06-04,12101.46
610,2012-06-05,12127.95
611,2012-06-06,12414.79
612,2012-06-07,12460.96
613,2012-06-08,12554.2
614,2012-06-11,12411.23
615,2012-06-12,12573.8
616,2012-06-13,12496.38
617,2012-06-14,12651.91
618,2012-06-15,12767.17
619,2012-06-18,12741.82
620,2012-06-19,12837.33
621,2012-06-20,12824.39
622,2012-06-21,12573.57
623,2012-06-22,12640.78
624,2012-06-25,12502.66
625,2012-06-26,12534.67
626,2012-06-27,12627.01
627,2012-06-28,12602.26
628,2012-06-29,12880.09
629,2012-07-02,12871.39
630,2012-07-03,12943.82
631,2012-07-05,12896.67
632,2012-07-06,12772.47
633,2012-07-09,12736.29
634,2012-07-10,12653.12
635,2012-07-11,12604.53
636,2012-07-12,12573.27
637,2012-07-13,12777.09
638,2012-07-16,12727.21
639,2012-07-17,12805.54
640,2012-07-18,12908.7
641,2012-07-19,12943.36
642,2012-07-20,12822.57
643,2012-07-23,12721.46
644,2012-07-24,12617.32
645,2012-07-25,12676.05
646,2012-07-26,12887.93
647,2012-07-27,13075.66
648,2012-07-30,13073.01
649,2012-07-31,13008.68
650,2012-08-01,12971.06
651,2012-08-02,12878.88
652,2012-08-03,13096.17
653,2012-08-06,13117.51
654,2012-08-07,13168.6
655,2012-08-08,13175.64
656,2012-08-09,13165.19
657,2012-08-10,13207.95
658,2012-08-13,13169.43
659,2012-08-14,13172.14
660,2012-08-15,13164.78
661,2012-08-16,13250.11
662,2012-08-17,13275.2
663,2012-08-20,13271.64
664,2012-08-21,13203.58
665,2012-08-22,13172.76
666,2012-08-23,13057.46
667,2012-08-24,13157.97
668,2012-08-27,13124.67
669,2012-08-28,13102.99
670,2012-08-29,13107.48
671,2012-08-30,13000.71
672,2012-08-31,13090.84
673,2012-09-04,13035.94
674,2012-09-05,13047.48
675,2012-09-06,13292.0
676,2012-09-07,13306.64
677,2012-09-10,13254.29
678,2012-09-11,13323.36
679,2012-09-12,13333.35
680,2012-09-13,13539.86
681,2012-09-14,13593.37
682,2012-09-17,13553.1
683,2012-09-18,13564.64
684,2012-09-19,13577.96
685,2012-09-20,13596.93
686,2012-09-21,13579.47
687,2012-09-24,13558.92
688,2012-09-25,13457.55
689,2012-09-26,13413.51
690,2012-09-27,13485.97
691,2012-09-28,13437.13
692,2012-10-01,13515.11
693,2012-10-02,13482.36
694,2012-10-03,13494.61
695,2012-10-04,13575.36
696,2012-10-05,13610.15
697,2012-10-08,13583.65
698,2012-10-09,13473.53
699,2012-10-10,13344.97
700,2012-10-11,13326.39
701,2012-10-12,13328.85
702,2012-10-15,13424.23
703,2012-10-16,13551.78
704,2012-10-17,13557.0
705,2012-10-18,13548.94
706,2012-10-19,13343.51
707,2012-10-22,13345.89
708,2012-10-23,13102.53
709,2012-10-24,13077.34
710,2012-10-25,13103.68
711,2012-10-26,13107.21
712,2012-10-31,13096.46
713,2012-11-01,13232.62
714,2012-11-02,13093.16
715,2012-11-05,13112.44
716,2012-11-06,13245.68
717,2012-11-07,12932.73
718,2012-11-08,12811.32
719,2012-11-09,12815.39
720,2012-11-12,12815.08
721,2012-11-13,12756.18
722,2012-11-14,12570.95
723,2012-11-15,12542.38
724,2012-11-16,12588.31
725,2012-11-19,12795.96
726,2012-11-20,12788.51
727,2012-11-21,12836.89
728,2012-11-23,13009.68
729,2012-11-26,12967.37
730,2012-11-27,12878.13
731,2012-11-28,12985.11
732,2012-11-29,13021.82
733,2012-11-30,13025.58
734,2012-12-03,12965.6
735,2012-12-04,12951.78
736,2012-12-05,13034.49
737,2012-12-06,13074.04
738,2012-12-07,13155.13
739,2012-12-10,13169.88
740,2012-12-11,13248.44
741,2012-12-12,13245.45
742,2012-12-13,13170.72
743,2012-12-14,13135.01
744,2012-12-17,13235.39
745,2012-12-18,13350.96
746,2012-12-19,13251.97
747,2012-12-20,13311.72
748,2012-12-21,13190.84
749,2012-12-24,13139.08
750,2012-12-26,13114.59
751,2012-12-27,13096.31
752,2012-12-28,12938.11
753,2012-12-31,13104.14
754,2013-01-02,13412.55
755,2013-01-03,13391.36
756,2013-01-04,13435.21
757,2013-01-07,13384.29
758,2013-01-08,13328.85
759,2013-01-09,13390.51
760,2013-01-10,13471.22
761,2013-01-11,13488.43
762,2013-01-14,13507.32
763,2013-01-15,13534.89
764,2013-01-16,13511.23
765,2013-01-17,13596.02
766,2013-01-18,13649.7
767,2013-01-22,13712.21
768,2013-01-23,13779.33
769,2013-01-24,13825.33
770,2013-01-25,13895.98
771,2013-01-28,13881.93
772,2013-01-29,13954.42
773,2013-01-30,13910.42
774,2013-01-31,13860.58
775,2013-02-01,14009.79
776,2013-02-04,13880.08
777,2013-02-05,13979.3
778,2013-02-06,13986.52
779,2013-02-07,13944.05
780,2013-02-08,13992.97
781,2013-02-11,13971.24
782,2013-02-12,14018.7
783,2013-02-13,13982.91
784,2013-02-14,13973.39
785,2013-02-15,13981.76
786,2013-02-19,14035.67
787,2013-02-20,13927.54
788,2013-02-21,13880.62
789,2013-02-22,14000.57
790,2013-02-25,13784.17
791,2013-02-26,13900.13
792,2013-02-27,14075.37
793,2013-02-28,14054.49
794,2013-03-01,14089.66
795,2013-03-04,14127.82
796,2013-03-05,14253.77
797,2013-03-06,14296.24
798,2013-03-07,14329.49
799,2013-03-08,14397.07
800,2013-03-11,14447.29
801,2013-03-12,14450.06
802,2013-03-13,14455.28
803,2013-03-14,14539.14
804,2013-03-15,14514.11
805,2013-03-18,14452.06
806,2013-03-19,14455.82
807,2013-03-20,14511.73
808,2013-03-21,14421.49
809,2013-03-22,14512.03
810,2013-03-25,14447.75
811,2013-03-26,14559.65
812,2013-03-27,14526.16
813,2013-03-28,14578.54
814,2013-04-01,14572.85
815,2013-04-02,14662.01
816,2013-04-03,14550.35
817,2013-04-04,14606.11
818,2013-04-05,14565.25
819,2013-04-08,14613.48
820,2013-04-09,14673.46
821,2013-04-10,14802.24
822,2013-04-11,14865.14
823,2013-04-12,14865.06
824,2013-04-15,14599.2
825,2013-04-16,14756.78
826,2013-04-17,14618.59
827,2013-04-18,14537.14
828,2013-04-19,14547.51
829,2013-04-22,14567.17
830,2013-04-23,14719.46
831,2013-04-24,14676.3
832,2013-04-25,14700.8
833,2013-04-26,14712.55
834,2013-04-29,14818.75
835,2013-04-30,14839.8
836,2013-05-01,14700.95
837,2013-05-02,14831.58
838,2013-05-03,14973.96
839,2013-05-06,14968.89
840,2013-05-07,15056.2
841,2013-05-08,15105.12
842,2013-05-09,15082.62
843,2013-05-10,15118.49
844,2013-05-13,15091.68
845,2013-05-14,15215.25
846,2013-05-15,15275.69
847,2013-05-16,15233.22
848,2013-05-17,15354.4
849,2013-05-20,15335.28
850,2013-05-21,15387.58
851,2013-05-22,15307.17
852,2013-05-23,15294.5
853,2013-05-24,15303.1
854,2013-05-28,15409.39
855,2013-05-29,15302.8
856,2013-05-30,15324.53
857,2013-05-31,15115.57
858,2013-06-03,15254.03
859,2013-06-04,15177.54
860,2013-06-05,14960.59
861,2013-06-06,15040.62
862,2013-06-07,15248.12
863,2013-06-10,15238.59
864,2013-06-11,15122.02
865,2013-06-12,14995.23
866,2013-06-13,15176.08
867,2013-06-14,15070.18
868,2013-06-17,15179.85
869,2013-06-18,15318.23
870,2013-06-19,15112.19
871,2013-06-20,14758.32
872,2013-06-21,14799.4
873,2013-06-24,14659.56
874,2013-06-25,14760.31
875,2013-06-26,14910.14
876,2013-06-27,15024.49
877,2013-06-28,14909.6
878,2013-07-01,14974.96
879,2013-07-02,14932.41
880,2013-07-03,14988.55
881,2013-07-05,15135.84
882,2013-07-08,15224.69
883,2013-07-09,15300.34
884,2013-07-10,15291.66
885,2013-07-11,15460.92
886,2013-07-12,15464.3
887,2013-07-15,15484.26
888,2013-07-16,15451.85
889,2013-07-17,15470.52
890,2013-07-18,15548.54
891,2013-07-19,15543.74
892,2013-07-22,15545.55
893,2013-07-23,15567.74
894,2013-07-24,15542.24
895,2013-07-25,15555.61
896,2013-07-26,15558.83
897,2013-07-29,15521.97
898,2013-07-30,15520.59
899,2013-07-31,15499.54
900,2013-08-01,15628.02
901,2013-08-02,15658.36
902,2013-08-05,15612.13
903,2013-08-06,15518.74
904,2013-08-07,15470.67
905,2013-08-08,15498.32
906,2013-08-09,15425.51
907,2013-08-12,15419.68
908,2013-08-13,15451.01
909,2013-08-14,15337.66
910,2013-08-15,15112.19
911,2013-08-16,15081.47
912,2013-08-19,15010.74
913,2013-08-20,15002.99
914,2013-08-21,14897.55
915,2013-08-22,14963.74
916,2013-08-23,15010.51
917,2013-08-26,14946.46
918,2013-08-27,14776.13
919,2013-08-28,14824.51
920,2013-08-29,14840.95
921,2013-08-30,14810.31
922,2013-09-03,14833.96
923,2013-09-04,14930.87
924,2013-09-05,14937.48
925,2013-09-06,14922.5
926,2013-09-09,15063.12
927,2013-09-10,15191.06
928,2013-09-11,15326.6
929,2013-09-12,15300.64
930,2013-09-13,15376.06
931,2013-09-16,15494.78
932,2013-09-17,15529.73
933,2013-09-18,15676.94
934,2013-09-19,15636.55
935,2013-09-20,15451.09
936,2013-09-23,15401.38
937,2013-09-24,15334.59
938,2013-09-25,15273.26
939,2013-09-26,15328.3
940,2013-09-27,15258.24
941,2013-09-30,15129.67
942,2013-10-01,15191.7
943,2013-10-02,15133.14
944,2013-10-03,14996.48
945,2013-10-04,15072.58
946,2013-10-07,14936.24
947,2013-10-08,14776.53
948,2013-10-09,14802.98
949,2013-10-10,15126.07
950,2013-10-11,15237.11
951,2013-10-14,15301.26
952,2013-10-15,15168.01
953,2013-10-16,15373.83
954,2013-10-17,15371.65
955,2013-10-18,15399.65
956,2013-10-21,15392.2
957,2013-10-22,15467.66
958,2013-10-23,15413.33
959,2013-10-24,15509.21
960,2013-10-25,15570.28
961,2013-10-28,15568.93
962,2013-10-29,15680.35
963,2013-10-30,15618.76
964,2013-10-31,15545.75
965,2013-11-01,15615.55
966,2013-11-04,15639.12
967,2013-11-05,15618.22
968,2013-11-06,15746.88
969,2013-11-07,15593.98
970,2013-11-08,15761.78
971,2013-11-11,15783.1
972,2013-11-12,15750.67
973,2013-11-13,15821.63
974,2013-11-14,15876.22
975,2013-11-15,15961.7
976,2013-11-18,15976.02
977,2013-11-19,15967.03
978,2013-11-20,15900.82
979,2013-11-21,16009.99
980,2013-11-22,16064.77
981,2013-11-25,16072.54
982,2013-11-26,16072.8
983,2013-11-27,16097.33
984,2013-11-29,16086.41
985,2013-12-02,16008.77
986,2013-12-03,15914.62
987,2013-12-04,15889.77
988,2013-12-05,15821.51
989,2013-12-06,16020.2
990,2013-12-09,16025.53
991,2013-12-10,15973.13
992,2013-12-11,15843.53
993,2013-12-12,15739.43
994,2013-12-13,15755.36
995,2013-12-16,15884.57
996,2013-12-17,15875.26
997,2013-12-18,16167.97
998,2013-12-19,16179.08
999,2013-12-20,16221.14
1000,2013-12-23,16294.61
1001,2013-12-24,16357.55
1002,2013-12-26,16479.88
1003,2013-12-27,16478.41
1004,2013-12-30,16504.29
1005,2013-12-31,16576.66
1006,2014-01-02,16441.35
1007,2014-01-03,16469.99
1008,2014-01-06,16425.1
1009,2014-01-07,16530.94
1010,2014-01-08,16462.74
1011,2014-01-09,16444.76
1012,2014-01-10,16437.05
1013,2014-01-13,16257.94
1014,2014-01-14,16373.86
1015,2014-01-15,16481.94
1016,2014-01-16,16417.01
1017,2014-01-17,16458.56
1018,2014-01-21,16414.44
1019,2014-01-22,16373.34
1020,2014-01-23,16197.35
1021,2014-01-24,15879.11
1022,2014-01-27,15837.88
1023,2014-01-28,15928.56
1024,2014-01-29,15738.79
1025,2014-01-30,15848.61
1026,2014-01-31,15698.85
1027,2014-02-03,15372.8
1028,2014-02-04,15445.24
1029,2014-02-05,15440.23
1030,2014-02-06,15628.53
1031,2014-02-07,15794.08
1032,2014-02-10,15801.79
1033,2014-02-11,15994.77
1034,2014-02-12,15963.94
1035,2014-02-13,16027.59
1036,2014-02-14,16154.39
1037,2014-02-18,16130.4
1038,2014-02-19,16040.56
1039,2014-02-20,16133.23
1040,2014-02-21,16103.3
1041,2014-02-24,16207.14
1042,2014-02-25,16179.66
1043,2014-02-26,16198.41
1044,2014-02-27,16272.65
1045,2014-02-28,16321.71
1046,2014-03-03,16168.03
1047,2014-03-04,16395.88
1048,2014-03-05,16360.18
1049,2014-03-06,16421.89
1050,2014-03-07,16452.72
1051,2014-03-10,16418.68
1052,2014-03-11,16351.25
1053,2014-03-12,16340.08
1054,2014-03-13,16108.89
1055,2014-03-14,16065.67
1056,2014-03-17,16247.22
1057,2014-03-18,16336.19
1058,2014-03-19,16222.17
1059,2014-03-20,16331.05
1060,2014-03-21,16302.77
1061,2014-03-24,16276.69
1062,2014-03-25,16367.88
1063,2014-03-26,16268.99
1064,2014-03-27,16264.23
1065,2014-03-28,16323.06
1066,2014-03-31,16457.66
1067,2014-04-01,16532.61
1068,2014-04-02,16573.0
1069,2014-04-03,16572.55
1070,2014-04-04,16412.71
1071,2014-04-07,16245.87
1072,2014-04-08,16256.14
1073,2014-04-09,16437.18
1074,2014-04-10,16170.22
1075,2014-04-11,16026.75
1076,2014-04-14,16173.24
1077,2014-04-15,16262.56
1078,2014-04-16,16424.85
1079,2014-04-17,16408.54
1080,2014-04-21,16449.25
1081,2014-04-22,16514.37
1082,2014-04-23,16501.65
1083,2014-04-24,16501.65
1084,2014-04-25,16361.46
1085,2014-04-28,16448.74
1086,2014-04-29,16535.37
1087,2014-04-30,16580.84
1088,2014-05-01,16558.87
1089,2014-05-02,16512.89
1090,2014-05-05,16530.55
1091,2014-05-06,16401.02
1092,2014-05-07,16518.54
1093,2014-05-08,16550.97
1094,2014-05-09,16583.34
1095,2014-05-12,16695.47
1096,2014-05-13,16715.44
1097,2014-05-14,16613.97
1098,2014-05-15,16446.81
1099,2014-05-16,16491.31
1100,2014-05-19,16511.86
1101,2014-05-20,16374.31
1102,2014-05-21,16533.06
1103,2014-05-22,16543.08
1104,2014-05-23,16606.27
1105,2014-05-27,16675.5
1106,2014-05-28,16633.18
1107,2014-05-29,16698.74
1108,2014-05-30,16717.17
1109,2014-06-02,16743.63
1110,2014-06-03,16722.34
1111,2014-06-04,16737.53
1112,2014-06-05,16836.11
1113,2014-06-06,16924.28
1114,2014-06-09,16943.1
1115,2014-06-10,16945.92
1116,2014-06-11,16843.88
1117,2014-06-12,16734.19
1118,2014-06-13,16775.74
1119,2014-06-16,16781.01
1120,2014-06-17,16808.49
1121,2014-06-18,16906.62
1122,2014-06-19,16921.46
1123,2014-06-20,16947.08
1124,2014-06-23,16937.26
1125,2014-06-24,16818.13
1126,2014-06-25,16867.51
1127,2014-06-26,16846.13
1128,2014-06-27,16851.84
1129,2014-06-30,16826.6
1130,2014-07-01,16956.07
1131,2014-07-02,16976.24
1132,2014-07-03,17068.26
1133,2014-07-07,17024.21
1134,2014-07-08,16906.62
1135,2014-07-09,16985.61
1136,2014-07-10,16915.07
1137,2014-07-11,16943.81
1138,2014-07-14,17055.42
1139,2014-07-15,17060.68
1140,2014-07-16,17138.2
1141,2014-07-17,16976.81
1142,2014-07-18,17100.18
1143,2014-07-21,17051.73
1144,2014-07-22,17113.54
1145,2014-07-23,17086.63
1146,2014-07-24,17083.8
1147,2014-07-25,16960.57
1148,2014-07-28,16982.59
1149,2014-07-29,16912.11
1150,2014-07-30,16880.36
1151,2014-07-31,16563.3
1152,2014-08-01,16493.37
1153,2014-08-04,16569.28
1154,2014-08-05,16429.47
1155,2014-08-06,16443.34
1156,2014-08-07,16368.27
1157,2014-08-08,16553.93
1158,2014-08-11,16569.98
1159,2014-08-12,16560.54
1160,2014-08-13,16651.8
1161,2014-08-14,16713.58
1162,2014-08-15,16662.91
1163,2014-08-18,16838.74
1164,2014-08-19,16919.59
1165,2014-08-20,16979.13
1166,2014-08-21,17039.49
1167,2014-08-22,17001.22
1168,2014-08-25,17076.87
1169,2014-08-26,17106.7
1170,2014-08-27,17122.01
1171,2014-08-28,17079.57
1172,2014-08-29,17098.45
1173,2014-09-02,17067.56
1174,2014-09-03,17078.28
1175,2014-09-04,17069.58
1176,2014-09-05,17137.36
1177,2014-09-08,17111.42
1178,2014-09-09,17013.87
1179,2014-09-10,17068.71
1180,2014-09-11,17049.0
1181,2014-09-12,16987.51
1182,2014-09-15,17031.14
1183,2014-09-16,17131.97
1184,2014-09-17,17156.85
1185,2014-09-18,17265.99
1186,2014-09-19,17279.74
1187,2014-09-22,17172.68
1188,2014-09-23,17055.87
1189,2014-09-24,17210.06
1190,2014-09-25,16945.8
1191,2014-09-26,17113.15
1192,2014-09-29,17071.22
1193,2014-09-30,17042.9
1194,2014-10-01,16804.71
1195,2014-10-02,16801.05
1196,2014-10-03,17009.69
1197,2014-10-06,16991.91
1198,2014-10-07,16719.39
1199,2014-10-08,16994.22
1200,2014-10-09,16659.25
1201,2014-10-10,16544.1
1202,2014-10-13,16321.07
1203,2014-10-14,16315.19
1204,2014-10-15,16141.74
1205,2014-10-16,16117.24
1206,2014-10-17,16380.41
1207,2014-10-20,16399.67
1208,2014-10-21,16614.81
1209,2014-10-22,16461.32
1210,2014-10-23,16677.9
1211,2014-10-24,16805.41
1212,2014-10-27,16817.94
1213,2014-10-28,17005.75
1214,2014-10-29,16974.31
1215,2014-10-30,17195.42
1216,2014-10-31,17390.52
1217,2014-11-03,17366.24
1218,2014-11-04,17383.84
1219,2014-11-05,17484.53
1220,2014-11-06,17554.47
1221,2014-11-07,17573.93
1222,2014-11-10,17613.74
1223,2014-11-11,17614.9
1224,2014-11-12,17612.2
1225,2014-11-13,17652.79
1226,2014-11-14,17634.74
1227,2014-11-17,17647.75
1228,2014-11-18,17687.82
1229,2014-11-19,17685.73
1230,2014-11-20,17719.0
1231,2014-11-21,17810.06
1232,2014-11-24,17817.9
1233,2014-11-25,17814.94
1234,2014-11-26,17827.75
1235,2014-11-28,17828.24
1236,2014-12-01,17776.8
1237,2014-12-02,17879.55
1238,2014-12-03,17912.62
1239,2014-12-04,17900.1
1240,2014-12-05,17958.79
1241,2014-12-08,17852.48
1242,2014-12-09,17801.2
1243,2014-12-10,17533.15
1244,2014-12-11,17596.34
1245,2014-12-12,17280.83
1246,2014-12-15,17180.84
1247,2014-12-16,17068.87
1248,2014-12-17,17356.87
1249,2014-12-18,17778.15
1250,2014-12-19,17804.8
1251,2014-12-22,17959.44
1252,2014-12-23,18024.17
1253,2014-12-24,18030.21
1254,2014-12-26,18053.71
1255,2014-12-29,18038.23
1256,2014-12-30,17983.07
1257,2014-12-31,17823.07
1258,2015-01-02,17832.99
1259,2015-01-05,17501.65
1260,2015-01-06,17371.64
1261,2015-01-07,17584.52
1262,2015-01-08,17907.87
1263,2015-01-09,17737.37
1264,2015-01-12,17640.84
1265,2015-01-13,17613.68
1266,2015-01-14,17427.09
1267,2015-01-15,17320.71
1268,2015-01-16,17511.57
1269,2015-01-20,17515.23
1270,2015-01-21,17554.28
1271,2015-01-22,17813.98
1272,2015-01-23,17672.6
1273,2015-01-26,17678.7
1274,2015-01-27,17387.21
1275,2015-01-28,17191.37
1276,2015-01-29,17416.85
1277,2015-01-30,17164.95
1278,2015-02-02,17361.04
1279,2015-02-03,17666.4
1280,2015-02-04,17673.02
1281,2015-02-05,17884.88
1282,2015-02-06,17824.29
1283,2015-02-09,17729.21
1284,2015-02-10,17868.76
1285,2015-02-11,17862.14
1286,2015-02-12,17972.38
1287,2015-02-13,18019.35
1288,2015-02-17,18047.58
1289,2015-02-18,18029.85
1290,2015-02-19,17985.77
1291,2015-02-20,18140.44
1292,2015-02-23,18116.84
1293,2015-02-24,18209.19
1294,2015-02-25,18224.57
1295,2015-02-26,18214.42
1296,2015-02-27,18132.7
1297,2015-03-02,18288.63
1298,2015-03-03,18203.37
1299,2015-03-04,18096.9
1300,2015-03-05,18135.72
1301,2015-03-06,17856.78
1302,2015-03-09,17995.72
1303,2015-03-10,17662.94
1304,2015-03-11,17635.39
1305,2015-03-12,17895.22
1306,2015-03-13,17749.31
1307,2015-03-16,17977.42
1308,2015-03-17,17849.08
1309,2015-03-18,18076.19
1310,2015-03-19,17959.03
1311,2015-03-20,18127.65
1312,2015-03-23,18116.04
1313,2015-03-24,18011.14
1314,2015-03-25,17718.54
1315,2015-03-26,17678.23
1316,2015-03-27,17712.66
1317,2015-03-30,17976.31
1318,2015-03-31,17776.12
1319,2015-04-01,17698.18
1320,2015-04-02,17763.24
1321,2015-04-06,17880.85
1322,2015-04-07,17875.42
1323,2015-04-08,17902.51
1324,2015-04-09,17958.73
1325,2015-04-10,18057.65
1326,2015-04-13,17977.04
1327,2015-04-14,18036.7
1328,2015-04-15,18112.61
1329,2015-04-16,18105.77
1330,2015-04-17,17826.3
1331,2015-04-20,18034.93
1332,2015-04-21,17949.59
1333,2015-04-22,18038.27
1334,2015-04-23,18058.69
1335,2015-04-24,18080.14
1336,2015-04-27,18037.97
1337,2015-04-28,18110.14
1338,2015-04-29,18035.53
1339,2015-04-30,17840.52
1340,2015-05-01,18024.06
1341,2015-05-04,18070.4
1342,2015-05-05,17928.2
1343,2015-05-06,17841.98
1344,2015-05-07,17924.06
1345,2015-05-08,18191.11
1346,2015-05-11,18105.17
1347,2015-05-12,18068.23
1348,2015-05-13,18060.49
1349,2015-05-14,18252.24
1350,2015-05-15,18272.56
1351,2015-05-18,18298.88
1352,2015-05-19,18312.39
1353,2015-05-20,18285.4
1354,2015-05-21,18285.74
1355,2015-05-22,18232.02
1356,2015-05-26,18041.54
1357,2015-05-27,18162.99
1358,2015-05-28,18126.12
1359,2015-05-29,18010.68
1360,2015-06-01,18040.37
1361,2015-06-02,18011.94
1362,2015-06-03,18076.27
1363,2015-06-04,17905.58
1364,2015-06-05,17849.46
1365,2015-06-08,17766.55
1366,2015-06-09,17764.04
1367,2015-06-10,18000.4
1368,2015-06-11,18039.37
1369,2015-06-12,17898.84
1370,2015-06-15,17791.17
1371,2015-06-16,17904.48
1372,2015-06-17,17935.74
1373,2015-06-18,18115.84
1374,2015-06-19,18015.95
1375,2015-06-22,18119.78
1376,2015-06-23,18144.07
1377,2015-06-24,17966.07
1378,2015-06-25,17890.36
1379,2015-06-26,17946.68
1380,2015-06-29,17596.35
1381,2015-06-30,17619.51
1382,2015-07-01,17757.91
1383,2015-07-02,17730.11
1384,2015-07-06,17683.58
1385,2015-07-07,17776.91
1386,2015-07-08,17515.42
1387,2015-07-09,17548.62
1388,2015-07-10,17760.41
1389,2015-07-13,17977.68
1390,2015-07-14,18053.58
1391,2015-07-15,18050.17
1392,2015-07-16,18120.25
1393,2015-07-17,18086.45
1394,2015-07-20,18100.41
1395,2015-07-21,17919.29
1396,2015-07-22,17851.04
1397,2015-07-23,17731.92
1398,2015-07-24,17568.53
1399,2015-07-27,17440.59
1400,2015-07-28,17630.27
1401,2015-07-29,17751.39
1402,2015-07-30,17745.98
1403,2015-07-31,17689.86
1404,2015-08-03,17598.2
1405,2015-08-04,17550.69
1406,2015-08-05,17540.47
1407,2015-08-06,17419.75
1408,2015-08-07,17373.38
1409,2015-08-10,17615.17
1410,2015-08-11,17402.84
1411,2015-08-12,17402.51
1412,2015-08-13,17408.25
1413,2015-08-14,17477.4
1414,2015-08-17,17545.18
1415,2015-08-18,17511.34
1416,2015-08-19,17348.73
1417,2015-08-20,16990.69
1418,2015-08-21,16459.75
1419,2015-08-24,15871.35
1420,2015-08-25,15666.44
1421,2015-08-26,16285.51
1422,2015-08-27,16654.77
1423,2015-08-28,16643.01
1424,2015-08-31,16528.03
1425,2015-09-01,16058.35
1426,2015-09-02,16351.38
1427,2015-09-03,16374.76
1428,2015-09-04,16102.38
1429,2015-09-08,16492.68
1430,2015-09-09,16253.57
1431,2015-09-10,16330.4
1432,2015-09-11,16433.09
1433,2015-09-14,16370.96
1434,2015-09-15,16599.85
1435,2015-09-16,16739.95
1436,2015-09-17,16674.74
1437,2015-09-18,16384.58
1438,2015-09-21,16510.19
1439,2015-09-22,16330.47
1440,2015-09-23,16279.89
1441,2015-09-24,16201.32
1442,2015-09-25,16314.67
1443,2015-09-28,16001.89
1444,2015-09-29,16049.13
1445,2015-09-30,16284.7
1446,2015-10-01,16272.01
1447,2015-10-02,16472.37
1448,2015-10-05,16776.43
1449,2015-10-06,16790.19
1450,2015-10-07,16912.29
1451,2015-10-08,17050.75
1452,2015-10-09,17084.49
1453,2015-10-12,17131.86
1454,2015-10-13,17081.89
1455,2015-10-14,16924.75
1456,2015-10-15,17141.75
1457,2015-10-16,17215.97
1458,2015-10-19,17230.54
1459,2015-10-20,17217.11
1460,2015-10-21,17168.61
1461,2015-10-22,17489.16
1462,2015-10-23,17646.7
1463,2015-10-26,17623.05
1464,2015-10-27,17581.43
1465,2015-10-28,17779.52
1466,2015-10-29,17755.8
1467,2015-10-30,17663.54
1468,2015-11-02,17828.76
1469,2015-11-03,17918.15
1470,2015-11-04,17867.58
1471,2015-11-05,17863.43
1472,2015-11-06,17910.33
1473,2015-11-09,17730.48
1474,2015-11-10,17758.21
1475,2015-11-11,17702.22
1476,2015-11-12,17448.07
1477,2015-11-13,17245.24
1478,2015-11-16,17483.01
1479,2015-11-17,17489.5
1480,2015-11-18,17737.16
1481,2015-11-19,17732.75
1482,2015-11-20,17823.81
1483,2015-11-23,17792.68
1484,2015-11-24,17812.19
1485,2015-11-25,17813.39
1486,2015-11-27,17798.49
1487,2015-11-30,17719.92
1488,2015-12-01,17888.35
1489,2015-12-02,17729.68
1490,2015-12-03,17477.67
1491,2015-12-04,17847.63
1492,2015-12-07,17730.51
1493,2015-12-08,17568.0
1494,2015-12-09,17492.3
1495,2015-12-10,17574.75
1496,2015-12-11,17265.21
1497,2015-12-14,17368.5
1498,2015-12-15,17524.91
1499,2015-12-16,17749.09
1500,2015-12-17,17495.84
1501,2015-12-18,17128.55
1502,2015-12-21,17251.62
1503,2015-12-22,17417.27
1504,2015-12-23,17602.61
1505,2015-12-24,17552.17
1506,2015-12-28,17528.27
1507,2015-12-29,17720.98
1508,2015-12-30,17603.87
1509,2015-12-31,17425.03
1510,2016-01-04,17148.94
1511,2016-01-05,17158.66
1512,2016-01-06,16906.51
1513,2016-01-07,16514.1
1514,2016-01-08,16346.45
1515,2016-01-11,16398.57
1516,2016-01-12,16516.22
1517,2016-01-13,16151.41
1518,2016-01-14,16379.05
1519,2016-01-15,15988.08
1520,2016-01-19,16016.02
1521,2016-01-20,15766.74
1522,2016-01-21,15882.68
1523,2016-01-22,16093.51
1524,2016-01-25,15885.22
1525,2016-01-26,16167.23
1526,2016-01-27,15944.46
1527,2016-01-28,16069.64
1528,2016-01-29,16466.3
1529,2016-02-01,16449.18
1530,2016-02-02,16153.54
1531,2016-02-03,16336.66
1532,2016-02-04,16416.58
1533,2016-02-05,16204.97
1534,2016-02-08,16027.05
1535,2016-02-09,16014.38
1536,2016-02-10,15914.74
1537,2016-02-11,15660.18
1538,2016-02-12,15973.84
1539,2016-02-16,16196.41
1540,2016-02-17,16453.83
1541,2016-02-18,16413.43
1542,2016-02-19,16391.99
1543,2016-02-22,16620.66
1544,2016-02-23,16431.78
1545,2016-02-24,16484.99
1546,2016-02-25,16697.29
1547,2016-02-26,16639.97
1548,2016-02-29,16516.5
1549,2016-03-01,16865.08
1550,2016-03-02,16899.32
1551,2016-03-03,16943.9
1552,2016-03-04,17006.77
1553,2016-03-07,17073.95
1554,2016-03-08,16964.1
1555,2016-03-09,17000.36
1556,2016-03-10,16995.13
1557,2016-03-11,17213.31
1558,2016-03-14,17229.13
1559,2016-03-15,17251.53
1560,2016-03-16,17325.76
1561,2016-03-17,17481.49
1562,2016-03-18,17602.3
1563,2016-03-21,17623.87
1564,2016-03-22,17582.57
1565,2016-03-23,17502.59
1566,2016-03-24,17515.73
1567,2016-03-28,17535.39
1568,2016-03-29,17633.11
1569,2016-03-30,17716.66
1570,2016-03-31,17685.09
1571,2016-04-01,17792.75
1572,2016-04-04,17737.0
1573,2016-04-05,17603.32
1574,2016-04-06,17716.05
1575,2016-04-07,17541.96
1576,2016-04-08,17576.96
1577,2016-04-11,17556.41
1578,2016-04-12,17721.25
1579,2016-04-13,17908.28
1580,2016-04-14,17926.43
1581,2016-04-15,17897.46
1582,2016-04-18,18004.16
1583,2016-04-19,18053.6
1584,2016-04-20,18096.27
1585,2016-04-21,17982.52
1586,2016-04-22,18003.75
1587,2016-04-25,17977.24
1588,2016-04-26,17990.32
1589,2016-04-27,18041.55
1590,2016-04-28,17830.76
1591,2016-04-29,17773.64
1592,2016-05-02,17891.16
1593,2016-05-03,17750.91
1594,2016-05-04,17651.26
1595,2016-05-05,17660.71
1596,2016-05-06,17740.63
1597,2016-05-09,17705.91
1598,2016-05-10,17928.35
1599,2016-05-11,17711.12
1600,2016-05-12,17720.5
1601,2016-05-13,17535.32
1602,2016-05-16,17710.71
1603,2016-05-17,17529.98
1604,2016-05-18,17526.62
1605,2016-05-19,17435.4
1606,2016-05-20,17500.94
1607,2016-05-23,17492.93
1608,2016-05-24,17706.05
1609,2016-05-25,17851.51
1610,2016-05-26,17828.29
1611,2016-05-27,17873.22
1612,2016-05-31,17787.2
1613,2016-06-01,17789.67
1614,2016-06-02,17838.56
1615,2016-06-03,17807.06
1616,2016-06-06,17920.33
1617,2016-06-07,17938.28
1618,2016-06-08,18005.05
1619,2016-06-09,17985.19
1620,2016-06-10,17865.34
1621,2016-06-13,17732.48
1622,2016-06-14,17674.82
1623,2016-06-15,17640.17
1624,2016-06-16,17733.1
1625,2016-06-17,17675.16
1626,2016-06-20,17804.87
1627,2016-06-21,17829.73
1628,2016-06-22,17780.83
1629,2016-06-23,18011.07
1630,2016-06-24,17400.75
1631,2016-06-27,17140.24
1632,2016-06-28,17409.72
1633,2016-06-29,17694.68
1634,2016-06-30,17929.99
1635,2016-07-01,17949.37
1636,2016-07-05,17840.62
1637,2016-07-06,17918.62
1638,2016-07-07,17895.88
1639,2016-07-08,18146.74
1640,2016-07-11,18226.93
1641,2016-07-12,18347.67
1642,2016-07-13,18372.12
1643,2016-07-14,18506.41
1644,2016-07-15,18516.55
1645,2016-07-18,18533.05
1646,2016-07-19,18559.01
1647,2016-07-20,18595.03
1648,2016-07-21,18517.23
1649,2016-07-22,18570.85
1650,2016-07-25,18493.06
1651,2016-07-26,18473.75
1652,2016-07-27,18472.17
1653,2016-07-28,18456.35
1654,2016-07-29,18432.24
1655,2016-08-01,18404.51
1656,2016-08-02,18313.77
1657,2016-08-03,18355.0
1658,2016-08-04,18352.05
1659,2016-08-05,18543.53
1660,2016-08-08,18529.29
1661,2016-08-09,18533.05
1662,2016-08-10,18495.66
1663,2016-08-11,18613.52
1664,2016-08-12,18576.47
1665,2016-08-15,18636.05
1666,2016-08-16,18552.02
1667,2016-08-17,18573.94
1668,2016-08-18,18597.7
1669,2016-08-19,18552.57
1670,2016-08-22,18529.42
1671,2016-08-23,18547.3
1672,2016-08-24,18481.48
1673,2016-08-25,18448.41
1674,2016-08-26,18395.4
1675,2016-08-29,18502.99
1676,2016-08-30,18454.3
1677,2016-08-31,18400.88
1678,2016-09-01,18419.3
1679,2016-09-02,18491.96
1680,2016-09-06,18538.12
1681,2016-09-07,18526.14
1682,2016-09-08,18479.91
1683,2016-09-09,18085.45
1684,2016-09-12,18325.07
1685,2016-09-13,18066.75
1686,2016-09-14,18034.77
1687,2016-09-15,18212.48
1688,2016-09-16,18123.8
1689,2016-09-19,18120.17
1690,2016-09-20,18129.96
1691,2016-09-21,18293.7
1692,2016-09-22,18392.46
1693,2016-09-23,18261.45
1694,2016-09-26,18094.83
1695,2016-09-27,18228.3
1696,2016-09-28,18339.24
1697,2016-09-29,18143.45
1698,2016-09-30,18308.15
1699,2016-10-03,18253.85
1700,2016-10-04,18168.45
1701,2016-10-05,18281.03
1702,2016-10-06,18268.5
1703,2016-10-07,18240.49
1704,2016-10-10,18329.04
1705,2016-10-11,18128.66
1706,2016-10-12,18144.2
1707,2016-10-13,18098.94
1708,2016-10-14,18138.38
1709,2016-10-17,18086.4
1710,2016-10-18,18161.94
1711,2016-10-19,18202.62
1712,2016-10-20,18162.35
1713,2016-10-21,18145.71
1714,2016-10-24,18223.03
1715,2016-10-25,18169.27
1716,2016-10-26,18199.33
1717,2016-10-27,18169.68
1718,2016-10-28,18161.19
1719,2016-10-31,18142.42
1720,2016-11-01,18037.1
1721,2016-11-02,17959.64
1722,2016-11-03,17930.67
1723,2016-11-04,17888.28
1724,2016-11-07,18259.6
1725,2016-11-08,18332.74
1726,2016-11-09,18589.69
1727,2016-11-10,18807.88
1728,2016-11-11,18847.66
1729,2016-11-14,18868.69
1730,2016-11-15,18923.06
1731,2016-11-16,18868.14
1732,2016-11-17,18903.82
1733,2016-11-18,18867.93
1734,2016-11-21,18956.69
1735,2016-11-22,19023.87
1736,2016-11-23,19083.18
1737,2016-11-25,19152.14
1738,2016-11-28,19097.9
1739,2016-11-29,19121.6
1740,2016-11-30,19123.58
1741,2016-12-01,19191.93
1742,2016-12-02,19170.42
1743,2016-12-05,19216.24
1744,2016-12-06,19251.78
1745,2016-12-07,19549.62
1746,2016-12-08,19614.81
1747,2016-12-09,19756.85
1748,2016-12-12,19796.43
1749,2016-12-13,19911.21
1750,2016-12-14,19792.53
1751,2016-12-15,19852.24
1752,2016-12-16,19843.41
1753,2016-12-19,19883.06
1754,2016-12-20,19974.62
1755,2016-12-21,19941.96
1756,2016-12-22,19918.88
1757,2016-12-23,19933.81
1758,2016-12-27,19945.04
1759,2016-12-28,19833.68
1760,2016-12-29,19819.78
1761,2016-12-30,19762.6