,date,JNJ,JPM,XOM
0,2010-01-04,64.68,42.85,69.15
1,2010-01-05,63.93,43.68,69.42
2,2010-01-06,64.45,43.92,70.02
3,2010-01-07,63.99,44.79,69.8
4,2010-01-08,64.21,44.68,69.52
5,2010-01-11,64.22,44.53,70.3
6,2010-01-12,64.56,43.49,69.95
7,2010-01-13,64.97,44.25,69.67
8,2010-01-14,65.1,44.69,69.68
9,2010-01-15,64.56,43.68,69.11
10,2010-01-19,65.35,43.28,69.27
11,2010-01-20,65.15,43.4,68.03
12,2010-01-21,63.97,40.54,66.7
13,2010-01-22,63.2,39.16,66.1
14,2010-01-25,63.22,39.21,65.85
15,2010-01-26,62.79,38.44,65.92
16,2010-01-27,63.44,39.33,65.54
17,2010-01-28,63.8,39.48,64.96
18,2010-01-29,62.86,38.94,64.43
19,2010-02-01,63.09,39.63,66.18
20,2010-02-02,63.99,40.55,66.96
21,2010-02-03,63.63,40.29,66.6
22,2010-02-04,62.64,38.35,64.72
23,2010-02-05,62.64,38.3,64.8
24,2010-02-08,62.37,37.7,64.35
25,2010-02-09,62.76,38.39,65.2
26,2010-02-10,62.73,38.87,64.85
27,2010-02-11,62.91,39.02,65.24
28,2010-02-12,62.72,38.95,64.8
29,2010-02-16,63.61,40.07,66.28
30,2010-02-17,63.98,40.04,65.76
31,2010-02-18,64.53,40.41,65.96
32,2010-02-19,63.81,40.03,65.87
33,2010-02-22,63.49,40.85,65.4
34,2010-02-23,63.31,39.88,64.94
35,2010-02-24,63.45,40.85,65.55
36,2010-02-25,63.28,40.64,65.14
37,2010-02-26,63.0,41.97,65.0
38,2010-03-01,63.39,41.83,65.4
39,2010-03-02,63.44,41.62,65.49
40,2010-03-03,63.4,41.53,65.43
41,2010-03-04,63.57,41.92,65.4
42,2010-03-05,64.04,42.81,66.47
43,2010-03-08,64.2,42.59,66.48
44,2010-03-09,64.27,42.42,66.78
45,2010-03-10,64.29,42.93,67.22
46,2010-03-11,64.22,43.18,67.22
47,2010-03-12,64.18,43.15,66.8
48,2010-03-15,64.57,43.07,66.3
49,2010-03-16,64.53,43.24,66.57
50,2010-03-17,64.65,43.79,67.36
51,2010-03-18,65.06,43.64,67.39
52,2010-03-19,65.11,43.45,67.04
53,2010-03-22,65.1,43.74,66.97
54,2010-03-23,65.36,44.58,66.95
55,2010-03-24,64.75,44.94,66.5
56,2010-03-25,64.57,44.94,66.3
57,2010-03-26,64.38,45.02,66.54
58,2010-03-29,64.82,44.86,67.3
59,2010-03-30,64.9,44.58,67.05
60,2010-03-31,65.2,44.75,66.98
61,2010-04-01,65.77,45.18,67.61
62,2010-04-05,65.4,45.34,68.19
63,2010-04-06,65.31,45.84,67.9
64,2010-04-07,65.22,45.32,67.34
65,2010-04-08,64.93,45.76,67.86
66,2010-04-09,65.14,45.98,68.76
67,2010-04-12,65.11,46.14,68.71
68,2010-04-13,65.68,45.87,68.66
69,2010-04-14,65.49,47.73,68.61
70,2010-04-15,65.51,47.81,68.26
71,2010-04-16,65.02,45.55,67.93
72,2010-04-19,66.03,45.39,68.23
73,2010-04-20,65.99,45.88,68.97
74,2010-04-21,65.39,45.35,68.92
75,2010-04-22,64.78,44.74,68.56
76,2010-04-23,65.04,44.94,69.24
77,2010-04-26,64.76,43.89,69.29
78,2010-04-27,64.28,42.41,68.27
79,2010-04-28,64.62,43.46,69.19
80,2010-04-29,65.01,44.0,68.66
81,2010-04-30,64.3,42.58,67.77
82,2010-05-03,65.33,43.53,67.84
83,2010-05-04,64.7,42.47,66.47
84,2010-05-05,65.14,42.63,66.17
85,2010-05-06,63.4,40.81,63.89
86,2010-05-07,63.31,40.76,63.7
87,2010-05-10,64.75,41.95,65.23
88,2010-05-11,64.67,41.55,64.46
89,2010-05-12,64.9,41.69,64.91
90,2010-05-13,64.67,40.81,64.74
91,2010-05-14,63.97,39.89,63.6
92,2010-05-17,63.88,39.84,63.27
93,2010-05-18,62.97,39.02,62.79
94,2010-05-19,62.22,39.38,62.45
95,2010-05-20,60.55,37.83,60.33
96,2010-05-21,60.88,40.05,60.88
97,2010-05-24,60.57,38.62,60.19
98,2010-05-25,60.35,38.94,59.71
99,2010-05-26,59.66,38.78,59.31
100,2010-05-27,59.03,40.42,61.46
101,2010-05-28,58.3,39.58,60.46
102,2010-06-01,58.76,38.54,59.25
103,2010-06-02,59.73,39.55,60.77
104,2010-06-03,59.77,39.1,61.56
105,2010-06-04,58.01,37.62,59.52
106,2010-06-07,58.0,36.72,59.3
107,2010-06-08,58.64,37.78,61.24
108,2010-06-09,58.17,37.12,60.03
109,2010-06-10,58.5,38.29,61.89
110,2010-06-11,58.46,38.09,61.86
111,2010-06-14,58.42,37.33,61.37
112,2010-06-15,59.14,38.25,62.51
113,2010-06-16,59.24,38.52,62.51
114,2010-06-17,59.18,38.44,62.6
115,2010-06-18,59.18,39.18,63.1
116,2010-06-21,59.13,38.87,63.13
117,2010-06-22,59.16,38.33,61.94
118,2010-06-23,59.24,38.89,61.1
119,2010-06-24,59.6,38.03,60.07
120,2010-06-25,58.7,39.44,59.1
121,2010-06-28,59.45,38.54,58.47
122,2010-06-29,59.24,37.06,57.29
123,2010-06-30,59.06,36.61,57.07
124,2010-07-01,59.07,36.08,56.61
125,2010-07-02,59.08,35.83,56.57
126,2010-07-06,59.08,36.33,57.46
127,2010-07-07,60.61,38.15,58.43
128,2010-07-08,61.38,38.16,58.81
129,2010-07-09,60.54,38.85,58.78
130,2010-07-12,60.21,39.19,58.94
131,2010-07-13,60.5,40.48,59.42
132,2010-07-14,60.62,40.35,59.26
133,2010-07-15,60.26,40.46,59.27
134,2010-07-16,59.44,39.0,57.96
135,2010-07-19,59.57,39.04,58.43
136,2010-07-20,58.58,39.63,58.95
137,2010-07-21,57.12,38.42,58.17
138,2010-07-22,57.02,39.35,59.38
139,2010-07-23,57.63,39.83,59.72
140,2010-07-26,57.74,40.33,60.39
141,2010-07-27,58.1,40.69,60.81
142,2010-07-28,57.83,40.32,60.91
143,2010-07-29,57.83,40.21,60.34
144,2010-07-30,58.09,40.28,59.68
145,2010-08-02,58.72,41.64,61.94
146,2010-08-03,59.35,41.08,62.72
147,2010-08-04,59.74,41.29,62.72
148,2010-08-05,59.76,41.27,62.71
149,2010-08-06,59.96,40.44,61.97
150,2010-08-09,60.05,39.82,62.45
151,2010-08-10,59.43,39.17,61.93
152,2010-08-11,58.5,37.77,60.39
153,2010-08-12,58.52,37.81,60.23
154,2010-08-13,58.15,37.5,59.91
155,2010-08-16,58.01,37.69,59.88
156,2010-08-17,59.22,37.48,60.82
157,2010-08-18,59.35,37.89,60.15
158,2010-08-19,58.72,37.07,59.29
159,2010-08-20,58.74,37.14,58.89
160,2010-08-23,58.87,36.88,59.5
161,2010-08-24,58.01,36.21,58.94
162,2010-08-25,57.98,36.23,58.91
163,2010-08-26,57.8,35.63,58.48
164,2010-08-27,57.6,36.6,59.8
165,2010-08-30,57.3,35.85,59.0
166,2010-08-31,57.14,36.26,59.11
167,2010-09-01,58.29,37.74,60.91
168,2010-09-02,58.61,38.16,61.06
169,2010-09-03,58.93,39.17,61.32
170,2010-09-07,58.7,38.28,60.55
171,2010-09-08,58.85,39.12,60.75
172,2010-09-09,59.82,40.1,61.05
173,2010-09-10,59.98,39.76,61.2
174,2010-09-13,60.32,41.12,61.0
175,2010-09-14,60.58,40.72,61.01
176,2010-09-15,61.05,40.98,61.0
177,2010-09-16,61.29,40.99,60.97
178,2010-09-17,61.57,40.06,60.78
179,2010-09-20,62.09,41.19,61.55
180,2010-09-21,61.94,40.59,61.54
181,2010-09-22,61.97,39.94,61.45
182,2010-09-23,61.81,39.1,61.15
183,2010-09-24,62.14,39.75,61.75
184,2010-09-27,62.03,39.08,61.71
185,2010-09-28,62.43,38.95,62.06
186,2010-09-29,62.31,38.41,61.59
187,2010-09-30,61.96,38.06,61.79
188,2010-10-01,61.75,38.81,62.54
189,2010-10-04,61.67,38.95,62.19
190,2010-10-05,62.8,39.64,63.26
191,2010-10-06,63.21,39.9,63.94
192,2010-10-07,63.22,39.52,63.85
193,2010-10-08,63.23,39.31,64.38
194,2010-10-11,63.3,39.73,64.55
195,2010-10-12,63.29,40.4,64.7
196,2010-10-13,63.58,39.84,65.04
197,2010-10-14,63.74,38.72,65.3
198,2010-10-15,63.57,37.15,65.19
199,2010-10-18,63.86,38.2,66.28
200,2010-10-19,63.29,37.69,65.12
201,2010-10-20,63.6,38.1,66.01
202,2010-10-21,63.99,37.7,66.32
203,2010-10-22,63.81,37.7,66.34
204,2010-10-25,63.98,37.07,66.2
205,2010-10-26,63.84,37.2,66.53
206,2010-10-27,63.57,37.54,65.67
207,2010-10-28,63.56,37.51,66.22
208,2010-10-29,63.74,37.63,66.49
209,2010-11-01,63.69,37.42,66.95
210,2010-11-02,63.88,36.96,67.84
211,2010-11-03,64.19,37.72,67.97
212,2010-11-04,64.76,39.8,69.38
213,2010-11-05,64.65,40.94,70.0
214,2010-11-08,64.33,40.51,70.32
215,2010-11-09,64.31,39.9,70.63
216,2010-11-10,63.95,40.62,71.13
217,2010-11-11,63.92,40.02,71.83
218,2010-11-12,63.67,39.61,70.99
219,2010-11-15,64.14,40.08,70.48
220,2010-11-16,63.14,39.61,68.94
221,2010-11-17,63.06,39.18,69.01
222,2010-11-18,63.83,39.66,70.31
223,2010-11-19,63.83,39.41,70.54
224,2010-11-22,63.62,38.51,70.19
225,2010-11-23,62.87,37.63,68.98
226,2010-11-24,63.29,38.16,69.88
227,2010-11-26,62.3,37.5,69.23
228,2010-11-29,61.91,37.91,69.45
229,2010-11-30,61.55,37.4,69.56
230,2010-12-01,62.42,38.15,71.33
231,2010-12-02,62.6,39.31,71.48
232,2010-12-03,62.56,39.61,71.19
233,2010-12-06,62.2,39.9,71.31
234,2010-12-07,62.31,39.25,71.46
235,2010-12-08,62.45,40.26,71.85
236,2010-12-09,62.06,40.81,72.0
237,2010-12-10,61.91,41.43,72.18
238,2010-12-13,61.86,41.51,72.36
239,2010-12-14,62.77,40.79,72.18
240,2010-12-15,62.57,40.21,71.85
241,2010-12-16,62.4,40.01,72.22
242,2010-12-17,62.54,39.67,72.17
243,2010-12-20,62.49,39.95,72.22
244,2010-12-21,62.34,41.0,72.72
245,2010-12-22,62.02,42.16,72.8
246,2010-12-23,62.25,42.08,73.2
247,2010-12-27,61.93,42.67,73.01
248,2010-12-28,62.05,42.61,73.42
249,2010-12-29,62.13,42.36,73.37
250,2010-12-30,61.94,42.23,73.36
251,2010-12-31,61.85,42.42,73.12
252,2011-01-03,62.82,43.58,74.55
253,2011-01-04,63.35,44.16,74.9
254,2011-01-05,63.31,44.7,74.7
255,2011-01-06,63.21,44.48,75.18
256,2011-01-07,62.6,43.64,75.59
257,2011-01-10,62.16,43.4,75.13
258,2011-01-11,62.27,43.6,75.69
259,2011-01-12,62.5,44.71,76.58
260,2011-01-13,62.91,44.45,76.71
261,2011-01-14,62.55,44.91,77.84
262,2011-01-18,62.1,44.75,78.71
263,2011-01-19,62.56,43.71,78.24
264,2011-01-20,62.86,44.75,77.75
265,2011-01-21,62.66,45.29,78.98
266,2011-01-24,62.22,45.02,78.59
267,2011-01-25,61.08,44.87,78.68
268,2011-01-26,60.6,44.98,79.66
269,2011-01-27,60.68,45.1,79.88
270,2011-01-28,60.01,44.54,78.99
271,2011-01-31,59.77,44.94,80.68
272,2011-02-01,60.63,45.93,83.91
273,2011-02-02,60.62,45.45,83.41
274,2011-02-03,60.8,45.46,83.44
275,2011-02-04,60.84,44.59,83.28
276,2011-02-07,60.87,45.5,83.93
277,2011-02-08,60.94,45.74,82.98
278,2011-02-09,60.88,45.11,82.55
279,2011-02-10,60.93,45.53,83.2
280,2011-02-11,60.7,46.57,82.82
281,2011-02-14,60.7,46.54,84.91
282,2011-02-15,60.62,46.82,82.97
283,2011-02-16,60.52,47.94,83.69
284,2011-02-17,60.79,47.82,83.88
285,2011-02-18,61.11,48.0,84.5
286,2011-02-22,60.65,46.01,85.44
287,2011-02-23,60.39,45.96,87.07
288,2011-02-24,60.25,45.91,85.97
289,2011-02-25,59.64,46.68,85.34
290,2011-02-28,61.44,46.69,85.53
291,2011-03-01,60.7,45.6,84.8
292,2011-03-02,60.81,45.21,85.08
293,2011-03-03,61.05,46.08,85.82
294,2011-03-04,61.06,45.52,85.08
295,2011-03-07,60.4,45.19,84.72
296,2011-03-08,60.71,46.4,84.6
297,2011-03-09,60.4,46.56,84.38
298,2011-03-10,59.61,45.53,81.38
299,2011-03-11,59.69,45.74,82.12
300,2011-03-14,59.13,45.3,82.38
301,2011-03-15,58.48,44.61,81.39
302,2011-03-16,57.66,43.81,79.31
303,2011-03-17,58.13,44.56,81.16
304,2011-03-18,58.57,45.74,80.85
305,2011-03-21,58.83,45.63,82.84
306,2011-03-22,58.79,45.47,82.56
307,2011-03-23,58.72,45.6,82.6
308,2011-03-24,59.03,45.73,82.73
309,2011-03-25,58.98,45.86,83.62
310,2011-03-28,59.24,45.96,83.47
311,2011-03-29,59.22,46.02,83.25
312,2011-03-30,59.38,46.45,84.49
313,2011-03-31,59.25,46.1,84.13
314,2011-04-01,59.49,46.35,84.68
315,2011-04-04,60.15,46.34,84.87
316,2011-04-05,59.8,46.58,85.42
317,2011-04-06,59.66,47.64,85.18
318,2011-04-07,59.48,47.4,85.76
319,2011-04-08,59.46,46.84,85.95
320,2011-04-11,59.86,46.86,85.16
321,2011-04-12,59.94,46.64,83.18
322,2011-04-13,59.6,46.25,83.16
323,2011-04-14,60.02,44.97,83.44
324,2011-04-15,60.56,44.89,84.29
325,2011-04-18,60.46,43.96,83.1
326,2011-04-19,62.69,44.65,83.8
327,2011-04-20,64.39,44.56,85.65
328,2011-04-21,64.07,44.68,86.36
329,2011-04-25,64.11,44.61,86.22
330,2011-04-26,64.95,45.12,87.42
331,2011-04-27,65.57,45.5,87.78
332,2011-04-28,65.38,45.85,87.34
333,2011-04-29,65.72,45.63,87.98
334,2011-05-02,66.21,45.18,86.97
335,2011-05-03,66.26,45.92,85.62
336,2011-05-04,65.67,45.5,84.81
337,2011-05-05,65.01,45.17,82.62
338,2011-05-06,65.27,45.04,82.69
339,2011-05-09,65.63,44.96,83.18
340,2011-05-10,65.76,45.16,83.34
341,2011-05-11,66.57,44.23,81.12
342,2011-05-12,67.19,44.09,81.05
343,2011-05-13,66.62,43.15,80.87
344,2011-05-16,66.37,42.88,80.24
345,2011-05-17,66.4,43.81,80.41
346,2011-05-18,66.5,44.08,81.74
347,2011-05-19,66.39,44.0,82.33
348,2011-05-20,65.69,43.13,81.57
349,2011-05-23,65.56,42.55,80.67
350,2011-05-24,65.78,42.34,81.29
351,2011-05-25,66.29,42.27,81.96
352,2011-05-26,65.51,42.45,82.39
353,2011-05-27,66.77,42.79,82.63
354,2011-05-31,67.29,43.24,83.47
355,2011-06-01,66.48,41.76,82.03
356,2011-06-02,66.48,41.61,81.33
357,2011-06-03,66.09,41.57,81.18
358,2011-06-06,66.05,40.53,80.29
359,2011-06-07,65.5,40.72,80.0
360,2011-06-08,66.14,40.39,80.76
361,2011-06-09,66.78,40.98,81.18
362,2011-06-10,66.09,41.05,79.78
363,2011-06-13,66.59,41.67,79.23
364,2011-06-14,67.1,41.6,80.38
365,2011-06-15,66.16,40.68,78.66
366,2011-06-16,66.32,40.36,79.22
367,2011-06-17,66.29,40.8,79.02
368,2011-06-20,66.51,40.48,79.71
369,2011-06-21,66.49,40.91,80.57
370,2011-06-22,66.07,40.69,79.82
371,2011-06-23,65.67,40.07,78.44
372,2011-06-24,65.06,39.49,76.78
373,2011-06-27,65.25,39.88,77.92
374,2011-06-28,65.91,39.54,79.63
375,2011-06-29,66.31,40.45,80.25
376,2011-06-30,66.52,40.94,81.38
377,2011-07-01,67.3,41.58,82.01
378,2011-07-05,67.62,41.03,81.6
379,2011-07-06,67.55,40.56,81.57
380,2011-07-07,67.92,41.32,82.36
381,2011-07-08,67.57,40.74,82.42
382,2011-07-11,67.27,39.43,81.9
383,2011-07-12,67.03,39.39,81.89
384,2011-07-13,67.63,39.62,82.48
385,2011-07-14,67.66,40.35,82.24
386,2011-07-15,67.45,39.98,83.0
387,2011-07-18,67.09,39.83,82.65
388,2011-07-19,66.72,40.39,83.63
389,2011-07-20,66.24,40.96,83.3
390,2011-07-21,66.47,42.29,85.02
391,2011-07-22,66.72,42.19,85.22
392,2011-07-25,66.25,41.69,84.57
393,2011-07-26,65.92,41.44,84.37
394,2011-07-27,65.23,40.67,83.31
395,2011-07-28,65.08,40.68,81.46
396,2011-07-29,64.79,40.45,79.79
397,2011-08-01,64.41,40.44,79.6
398,2011-08-02,63.43,39.84,77.84
399,2011-08-03,63.41,39.9,77.72
400,2011-08-04,61.84,37.92,73.84
401,2011-08-05,62.71,37.6,74.82
402,2011-08-08,61.12,34.06,70.19
403,2011-08-09,62.2,36.4,71.64
404,2011-08-10,60.2,34.37,68.03
405,2011-08-11,63.44,36.69,71.58
406,2011-08-12,63.36,35.91,72.0
407,2011-08-15,64.59,36.88,74.29
408,2011-08-16,64.36,36.03,73.5
409,2011-08-17,64.26,36.57,74.16
410,2011-08-18,63.16,35.19,70.94
411,2011-08-19,63.14,34.35,69.8
412,2011-08-22,63.29,33.41,70.18
413,2011-08-23,64.97,34.78,73.66
414,2011-08-24,65.53,35.83,73.54
415,2011-08-25,64.55,35.72,71.77
416,2011-08-26,64.28,36.21,72.64
417,2011-08-29,65.86,37.64,74.12
418,2011-08-30,65.77,37.06,73.91
419,2011-08-31,65.8,37.56,74.02
420,2011-09-01,65.33,36.3,73.49
421,2011-09-02,64.07,34.63,72.14
422,2011-09-06,64.64,33.44,71.15
423,2011-09-07,65.43,34.82,73.65
424,2011-09-08,64.95,33.51,72.82
425,2011-09-09,63.64,32.08,71.01
426,2011-09-12,63.59,32.42,71.84
427,2011-09-13,63.61,32.49,71.65
428,2011-09-14,63.73,32.8,72.64
429,2011-09-15,64.4,33.81,74.01
430,2011-09-16,64.59,33.43,74.55
431,2011-09-19,64.14,32.49,73.7
432,2011-09-20,64.22,32.25,74.01
433,2011-09-21,63.13,30.34,71.97
434,2011-09-22,61.92,29.27,69.24
435,2011-09-23,61.59,29.59,69.31
436,2011-09-26,62.69,31.65,71.72
437,2011-09-27,63.82,31.57,72.91
438,2011-09-28,63.25,30.47,72.07
439,2011-09-29,63.9,31.39,73.88
440,2011-09-30,63.69,30.12,72.63
441,2011-10-03,62.08,28.65,71.15
442,2011-10-04,62.17,30.26,72.83
443,2011-10-05,62.35,30.84,73.95
444,2011-10-06,62.81,32.38,73.89
445,2011-10-07,63.13,30.7,73.56
446,2011-10-10,64.43,32.3,76.28
447,2011-10-11,63.96,32.3,76.27
448,2011-10-12,64.33,33.2,77.16
449,2011-10-13,64.23,31.6,76.37
450,2011-10-14,64.72,31.89,78.11
451,2011-10-17,63.79,31.04,77.47
452,2011-10-18,64.42,32.87,78.89
453,2011-10-19,62.64,32.25,78.43
454,2011-10-20,62.53,33.13,78.71
455,2011-10-21,63.78,33.42,80.13
456,2011-10-24,64.73,34.57,80.17
457,2011-10-25,63.69,33.49,79.44
458,2011-10-26,64.49,34.18,81.07
459,2011-10-27,65.3,36.67,81.88
460,2011-10-28,65.6,36.69,81.48
461,2011-10-31,64.39,34.76,78.09
462,2011-11-01,63.38,32.71,75.94
463,2011-11-02,63.64,33.64,77.37
464,2011-11-03,64.34,34.38,78.86
465,2011-11-04,64.12,33.97,78.52
466,2011-11-07,64.0,34.24,79.35
467,2011-11-08,64.86,35.02,79.76
468,2011-11-09,63.53,32.54,77.39
469,2011-11-10,64.12,32.74,78.7
470,2011-11-11,65.25,33.28,79.72
471,2011-11-14,64.91,32.55,78.96
472,2011-11-15,64.99,32.7,79.09
473,2011-11-16,64.4,31.47,78.25
474,2011-11-17,63.94,30.49,77.86
475,2011-11-18,63.85,30.62,77.9
476,2011-11-21,62.94,29.91,76.91
477,2011-11-22,62.9,29.41,76.03
478,2011-11-23,61.99,28.38,74.58
479,2011-11-25,61.27,28.48,73.9
480,2011-11-28,62.37,29.16,75.84
481,2011-11-29,62.78,28.56,76.93
482,2011-11-30,64.72,30.97,80.44
483,2011-12-01,64.45,30.46,79.79
484,2011-12-02,63.47,32.33,79.79
485,2011-12-05,63.36,33.51,80.45
486,2011-12-06,63.49,33.23,80.82
487,2011-12-07,64.45,34.0,81.08
488,2011-12-08,63.78,32.22,79.87
489,2011-12-09,64.53,33.18,81.34
490,2011-12-12,63.51,32.04,80.05
491,2011-12-13,63.36,31.29,80.53
492,2011-12-14,63.18,31.51,79.44
493,2011-12-15,64.0,31.76,80.03
494,2011-12-16,64.3,31.89,80.16
495,2011-12-19,63.53,30.7,79.53
496,2011-12-20,64.52,32.21,82.0
497,2011-12-21,64.96,32.32,83.12
498,2011-12-22,65.18,33.45,84.29
499,2011-12-23,65.98,33.57,85.22
500,2011-12-27,66.02,33.03,85.28
501,2011-12-28,65.45,32.65,84.18
502,2011-12-29,65.88,33.42,85.27
503,2011-12-30,65.58,33.25,84.76
504,2012-01-03,65.88,34.98,86.0
505,2012-01-04,65.48,34.95,86.02
506,2012-01-05,65.4,35.68,85.76
507,2012-01-06,64.83,35.36,85.12
508,2012-01-09,64.93,35.3,85.5
509,2012-01-10,65.2,36.05,85.72
510,2012-01-11,65.13,36.66,85.08
511,2012-01-12,65.23,36.85,84.74
512,2012-01-13,65.26,35.92,84.88
513,2012-01-17,65.12,34.91,85.69
514,2012-01-18,65.28,36.54,86.45
515,2012-01-19,65.19,36.93,87.03
516,2012-01-20,65.27,37.36,87.49
517,2012-01-23,65.0,37.66,87.47
518,2012-01-24,65.0,37.66,87.18
519,2012-01-25,65.22,37.6,87.22
520,2012-01-26,65.7,37.49,86.77
521,2012-01-27,65.56,37.21,85.83
522,2012-01-30,65.71,37.01,85.49
523,2012-01-31,65.91,37.3,83.74
524,2012-02-01,65.69,37.6,83.97
525,2012-02-02,65.59,37.55,83.53
526,2012-02-03,65.64,38.28,84.92
527,2012-02-06,65.19,38.14,85.75
528,2012-02-07,65.26,37.87,86.34
529,2012-02-08,65.24,38.3,85.32
530,2012-02-09,64.89,37.86,84.88
531,2012-02-10,64.6,37.61,83.8
532,2012-02-13,64.68,38.3,84.42
533,2012-02-14,64.61,37.92,84.67
534,2012-02-15,64.65,37.4,84.12
535,2012-02-16,64.92,38.0,85.41
536,2012-02-17,64.99,38.47,85.62
537,2012-02-21,65.04,38.46,86.57
538,2012-02-22,65.0,38.07,86.92
539,2012-02-23,65.1,38.49,87.02
540,2012-02-24,64.46,38.28,87.34
541,2012-02-27,64.45,39.06,87.23
542,2012-02-28,65.18,39.21,87.14
543,2012-02-29,65.08,39.24,86.5
544,2012-03-01,64.83,40.37,86.83
545,2012-03-02,64.77,40.63,86.33
546,2012-03-05,64.91,40.4,87.01
547,2012-03-06,64.35,39.32,85.86
548,2012-03-07,64.3,39.95,85.83
549,2012-03-08,64.85,40.44,84.83
550,2012-03-09,64.74,41.03,84.3
551,2012-03-12,65.1,40.54,85.55
552,2012-03-13,65.33,43.39,86.86
553,2012-03-14,65.08,43.58,86.02
554,2012-03-15,65.07,44.7,86.09
555,2012-03-16,65.12,44.57,86.44
556,2012-03-19,65.21,45.0,86.99
557,2012-03-20,64.96,45.38,86.6
558,2012-03-21,64.76,45.12,86.01
559,2012-03-22,64.46,44.65,85.33
560,2012-03-23,64.55,45.16,85.55
561,2012-03-26,65.17,46.17,87.03
562,2012-03-27,65.4,45.89,86.62
563,2012-03-28,65.62,46.27,85.86
564,2012-03-29,65.54,45.67,86.08
565,2012-03-30,65.96,45.98,86.73
566,2012-04-02,66.21,46.13,87.07
567,2012-04-03,65.88,45.42,85.83
568,2012-04-04,65.39,44.41,84.98
569,2012-04-05,65.34,44.34,84.82
570,2012-04-09,64.92,43.89,83.88
571,2012-04-10,64.2,42.96,82.17
572,2012-04-11,64.13,44.01,82.7
573,2012-04-12,64.15,44.84,83.6
574,2012-04-13,63.54,43.21,82.95
575,2012-04-16,63.98,43.33,84.01
576,2012-04-17,64.22,43.9,85.45
577,2012-04-18,63.26,43.29,85.75
578,2012-04-19,63.03,43.22,85.28
579,2012-04-20,63.71,42.72,85.3
580,2012-04-23,63.37,42.85,85.69
581,2012-04-24,63.77,43.28,86.31
582,2012-04-25,64.43,43.16,86.85
583,2012-04-26,64.75,43.8,86.07
584,2012-04-27,64.84,43.34,86.08
585,2012-04-30,65.1,42.98,86.34
586,2012-05-01,65.22,43.79,87.04
587,2012-05-02,65.33,43.2,86.2
588,2012-05-03,65.34,43.01,85.65
589,2012-05-04,64.74,41.75,84.57
590,2012-05-07,64.8,41.78,84.48
591,2012-05-08,64.98,41.38,84.02
592,2012-05-09,64.28,40.64,83.31
593,2012-05-10,64.57,40.74,82.84
594,2012-05-11,64.34,36.96,83.1
595,2012-05-14,63.93,35.79,82.12
596,2012-05-15,63.61,36.24,81.79
597,2012-05-16,63.71,35.46,82.17
598,2012-05-17,63.55,33.93,81.91
599,2012-05-18,63.35,33.49,81.47
600,2012-05-21,63.47,32.51,82.04
601,2012-05-22,63.52,34.01,81.95
602,2012-05-23,63.27,34.26,82.04
603,2012-05-24,63.1,33.97,82.61
604,2012-05-25,62.51,33.5,82.08
605,2012-05-29,62.59,33.63,81.93
606,2012-05-30,62.21,32.96,79.79
607,2012-05-31,62.43,33.15,78.63
608,2012-06-01,61.78,31.93,77.92
609,2012-06-04,62.34,31.0,77.83
610,2012-06-05,62.21,31.99,77.6
611,2012-06-06,62.8,33.07,80.18
612,2012-06-07,62.8,32.81,80.69
613,2012-06-08,62.98,33.68,80.84
614,2012-06-11,62.12,32.82,80.27
615,2012-06-12,63.08,33.77,81.26
616,2012-06-13,64.45,34.3,80.63
617,2012-06-14,65.45,34.65,82.13
618,2012-06-15,66.01,35.03,83.22
619,2012-06-18,66.3,34.62,83.11
620,2012-06-19,66.72,35.38,84.48
621,2012-06-20,67.0,36.45,84.97
622,2012-06-21,66.39,35.51,82.11
623,2012-06-22,66.63,35.99,82.11
624,2012-06-25,66.5,35.32,81.24
625,2012-06-26,66.42,35.71,82.4
626,2012-06-27,66.84,36.78,83.2
627,2012-06-28,66.94,35.88,83.1
628,2012-06-29,67.56,35.73,85.57
629,2012-07-02,68.0,36.28,85.34
630,2012-07-03,68.04,35.88,86.28
631,2012-07-05,67.78,34.38,85.57
632,2012-07-06,67.64,33.9,84.8
633,2012-07-09,67.78,33.96,83.65
634,2012-07-10,67.88,34.25,83.11
635,2012-07-11,67.9,34.59,84.38
636,2012-07-12,67.71,34.04,84.12
637,2012-07-13,68.61,36.07,85.47
638,2012-07-16,68.45,35.09,85.05
639,2012-07-17,69.0,34.99,85.73
640,2012-07-18,69.37,34.96,86.21
641,2012-07-19,69.53,34.46,86.21
642,2012-07-20,68.63,33.9,85.95
643,2012-07-23,68.11,34.44,85.21
644,2012-07-24,67.35,34.73,84.58
645,2012-07-25,67.53,35.17,85.24
646,2012-07-26,68.74,35.81,86.52
647,2012-07-27,69.52,36.89,87.45
648,2012-07-30,69.45,36.14,87.56
649,2012-07-31,69.22,36.0,86.85
650,2012-08-01,69.38,36.0,86.91
651,2012-08-02,68.45,35.17,85.88
652,2012-08-03,69.12,36.09,87.55
653,2012-08-06,68.84,36.3,87.45
654,2012-08-07,68.29,37.01,87.92
655,2012-08-08,68.35,37.16,88.28
656,2012-08-09,68.32,36.92,88.2
657,2012-08-10,68.64,36.97,88.44
658,2012-08-13,68.46,36.99,88.14
659,2012-08-14,68.64,37.1,88.2
660,2012-08-15,68.35,37.07,88.0
661,2012-08-16,68.2,37.1,88.67
662,2012-08-17,67.8,36.98,88.4
663,2012-08-20,67.7,37.37,87.95
664,2012-08-21,67.78,38.04,87.46
665,2012-08-22,67.75,37.83,87.73
666,2012-08-23,67.74,37.23,87.31
667,2012-08-24,67.6,37.17,88.05
668,2012-08-27,67.49,37.23,87.74
669,2012-08-28,67.51,37.13,88.1
670,2012-08-29,67.37,37.3,87.9
671,2012-08-30,67.21,36.9,87.2
672,2012-08-31,67.43,37.14,87.3
673,2012-09-04,67.26,37.01,87.12
674,2012-09-05,67.27,37.11,87.33
675,2012-09-06,67.84,38.69,88.99
676,2012-09-07,67.88,39.3,89.92
677,2012-09-10,68.18,38.76,89.48
678,2012-09-11,68.2,39.6,89.62
679,2012-09-12,68.15,39.92,89.55
680,2012-09-13,68.99,41.4,91.23
681,2012-09-14,68.47,41.57,92.3
682,2012-09-17,68.25,41.19,91.91
683,2012-09-18,68.55,41.26,91.65
684,2012-09-19,68.6,41.34,90.57
685,2012-09-20,68.9,41.25,91.52
686,2012-09-21,69.06,40.88,91.92
687,2012-09-24,69.0,41.23,91.88
688,2012-09-25,69.32,40.55,91.74
689,2012-09-26,69.0,40.24,91.23
690,2012-09-27,69.01,40.68,91.8
691,2012-09-28,68.91,40.48,91.45
692,2012-10-01,69.13,40.97,91.8
693,2012-10-02,68.96,40.92,91.72
694,2012-10-03,69.0,40.86,91.7
695,2012-10-04,69.27,41.82,92.22
696,2012-10-05,69.65,41.71,92.55
697,2012-10-08,69.44,41.66,92.68
698,2012-10-09,68.41,41.38,92.13
699,2012-10-10,68.22,41.77,91.03
700,2012-10-11,67.97,42.1,91.17
701,2012-10-12,67.97,41.62,91.03
702,2012-10-15,68.6,42.38,91.51
703,2012-10-16,69.55,42.83,92.38
704,2012-10-17,71.0,43.32,93.39
705,2012-10-18,72.52,43.01,93.48
706,2012-10-19,71.86,42.32,92.15
707,2012-10-22,71.78,42.09,92.19
708,2012-10-23,70.89,41.33,90.18
709,2012-10-24,70.74,41.71,89.88
710,2012-10-25,71.14,41.67,90.43
711,2012-10-26,70.9,41.16,90.62
712,2012-10-31,70.82,41.68,91.17
713,2012-11-01,71.5,42.84,91.6
714,2012-11-02,70.9,42.42,90.27
715,2012-11-05,70.79,42.27,90.63
716,2012-11-06,71.01,42.88,91.61
717,2012-11-07,70.34,40.48,88.18
718,2012-11-08,69.65,40.4,87.07
719,2012-11-09,69.87,40.62,87.21
720,2012-11-12,69.68,40.58,87.32
721,2012-11-13,69.51,40.04,86.47
722,2012-11-14,69.27,39.29,86.07
723,2012-11-15,69.07,39.39,86.14
724,2012-11-16,69.19,39.53,86.45
725,2012-11-19,69.25,40.59,87.67
726,2012-11-20,69.67,40.7,87.5
727,2012-11-21,69.59,40.73,88.01
728,2012-11-23,69.56,41.09,89.09
729,2012-11-26,69.09,40.88,88.62
730,2012-11-27,68.81,40.75,87.35
731,2012-11-28,69.29,40.83,88.1
732,2012-11-29,69.22,41.22,88.12
733,2012-11-30,69.73,41.08,88.14
734,2012-12-03,69.65,40.81,87.61
735,2012-12-04,69.86,40.57,87.19
736,2012-12-05,69.97,41.2,87.73
737,2012-12-06,70.05,41.47,88.0
738,2012-12-07,70.45,42.56,88.6
739,2012-12-10,70.6,42.31,88.41
740,2012-12-11,71.1,42.64,88.99
741,2012-12-12,70.96,42.77,89.45
742,2012-12-13,70.75,42.78,88.58
743,2012-12-14,70.69,42.81,88.08
744,2012-12-17,70.94,43.48,88.87
745,2012-12-18,70.95,43.87,89.56
746,2012-12-19,70.63,43.53,88.44
747,2012-12-20,70.75,44.53,88.89
748,2012-12-21,70.27,44.0,87.23
749,2012-12-24,70.02,43.92,86.92
750,2012-12-26,70.17,43.96,87.07
751,2012-12-27,70.09,43.63,86.86
752,2012-12-28,69.48,43.24,85.1
753,2012-12-31,70.1,43.97,86.55
754,2013-01-02,70.84,44.66,88.71
755,2013-01-03,70.74,44.57,88.55
756,2013-01-04,71.55,45.36,88.96
757,2013-01-07,71.4,45.41,87.93
758,2013-01-08,71.41,45.5,88.48
759,2013-01-09,71.73,45.47,88.14
760,2013-01-10,72.19,46.15,89.1
761,2013-01-11,72.35,46.14,89.61
762,2013-01-14,72.56,45.88,89.58
763,2013-01-15,72.37,46.35,89.53
764,2013-01-16,72.58,46.82,89.47
765,2013-01-17,72.9,46.44,90.2
766,2013-01-18,73.23,46.46,90.8
767,2013-01-22,72.69,46.54,90.92
768,2013-01-23,72.85,46.23,90.7
769,2013-01-24,73.1,46.37,91.35
770,2013-01-25,73.92,47.16,91.73
771,2013-01-28,73.62,46.64,91.11
772,2013-01-29,74.41,47.12,91.76
773,2013-01-30,74.09,47.13,90.67
774,2013-01-31,73.92,47.05,89.97
775,2013-02-01,74.18,47.85,90.04
776,2013-02-04,74.11,47.68,89.15
777,2013-02-05,74.66,48.79,89.74
778,2013-02-06,75.39,48.61,89.79
779,2013-02-07,75.06,48.23,88.25
780,2013-02-08,75.48,48.63,88.61
781,2013-02-11,75.41,48.66,88.28
782,2013-02-12,75.8,49.14,88.46
783,2013-02-13,75.66,48.68,88.67
784,2013-02-14,75.81,49.22,88.52
785,2013-02-15,76.16,48.88,88.36
786,2013-02-19,76.96,49.45,89.32
787,2013-02-20,76.65,48.61,88.97
788,2013-02-21,76.87,48.25,88.59
789,2013-02-22,76.25,48.91,89.2
790,2013-02-25,75.57,47.7,87.7
791,2013-02-26,75.75,47.6,88.51
792,2013-02-27,76.32,49.28,89.53
793,2013-02-28,76.11,48.92,89.55
794,2013-03-01,76.7,48.91,89.43
795,2013-03-04,77.2,49.1,88.95
796,2013-03-05,77.66,49.49,89.61
797,2013-03-06,77.39,50.03,89.56
798,2013-03-07,77.75,50.63,88.71
799,2013-03-08,78.19,50.2,88.97
800,2013-03-11,78.44,50.48,89.16
801,2013-03-12,78.56,50.28,89.16
802,2013-03-13,78.55,50.16,89.26
803,2013-03-14,79.1,51.0,89.83
804,2013-03-15,79.19,50.02,89.37
805,2013-03-18,78.81,49.51,88.77
806,2013-03-19,78.86,49.2,88.58
807,2013-03-20,79.45,49.12,88.63
808,2013-03-21,79.01,48.35,88.17
809,2013-03-22,79.74,48.78,89.29
810,2013-03-25,79.68,48.52,89.02
811,2013-03-26,80.85,48.64,90.13
812,2013-03-27,81.27,47.77,90.58
813,2013-03-28,81.53,47.46,90.11
814,2013-04-01,81.93,47.83,90.77
815,2013-04-02,82.69,48.28,90.58
816,2013-04-03,82.07,46.85,89.93
817,2013-04-04,82.41,47.49,89.77
818,2013-04-05,82.04,47.91,89.01
819,2013-04-08,81.11,48.58,88.6
820,2013-04-09,81.52,48.68,88.77
821,2013-04-10,82.02,49.25,88.68
822,2013-04-11,82.32,49.31,89.22
823,2013-04-12,82.74,49.01,88.99
824,2013-04-15,81.71,47.93,86.49
825,2013-04-16,83.44,48.49,86.61
826,2013-04-17,83.9,46.79,86.08
827,2013-04-18,83.18,46.64,86.62
828,2013-04-19,84.49,47.23,87.45
829,2013-04-22,84.83,47.35,88.09
830,2013-04-23,85.45,48.17,89.3
831,2013-04-24,84.39,48.72,89.43
832,2013-04-25,85.22,49.0,88.07
833,2013-04-26,85.12,48.88,88.0
834,2013-04-29,85.58,48.92,88.21
835,2013-04-30,85.23,49.01,88.99
836,2013-05-01,84.23,48.01,87.51
837,2013-05-02,85.16,48.08,88.63
838,2013-05-03,85.75,47.57,90.02
839,2013-05-06,84.68,48.18,90.58
840,2013-05-07,85.53,49.14,91.15
841,2013-05-08,85.46,49.76,91.7
842,2013-05-09,85.15,49.04,91.03
843,2013-05-10,85.76,48.96,90.14
844,2013-05-13,85.85,49.67,90.1
845,2013-05-14,86.97,50.23,91.11
846,2013-05-15,87.64,51.09,91.24
847,2013-05-16,87.45,50.97,90.7
848,2013-05-17,88.09,52.3,91.76
849,2013-05-20,88.01,52.29,92.52
850,2013-05-21,88.59,53.02,92.8
851,2013-05-22,88.46,53.63,92.19
852,2013-05-23,87.21,53.35,91.79
853,2013-05-24,86.82,53.66,91.53
854,2013-05-28,87.61,54.6,92.38
855,2013-05-29,85.65,54.67,92.08
856,2013-05-30,85.99,55.62,92.09
857,2013-05-31,84.18,54.59,90.47
858,2013-06-03,84.71,54.49,91.46
859,2013-06-04,84.1,54.04,90.79
860,2013-06-05,83.68,53.03,89.65
861,2013-06-06,84.46,53.5,90.23
862,2013-06-07,84.91,54.27,91.45
863,2013-06-10,85.14,54.36,91.12
864,2013-06-11,84.69,53.49,90.46
865,2013-06-12,83.74,53.18,89.74
866,2013-06-13,84.91,54.17,91.33
867,2013-06-14,84.91,53.13,90.58
868,2013-06-17,85.63,53.85,91.51
869,2013-06-18,86.36,54.11,91.93
870,2013-06-19,84.86,53.55,91.0
871,2013-06-20,82.62,52.48,89.05
872,2013-06-21,83.2,51.96,89.48
873,2013-06-24,84.61,50.92,88.48
874,2013-06-25,85.35,52.08,89.11
875,2013-06-26,86.99,52.5,89.8
876,2013-06-27,86.71,53.15,90.04
877,2013-06-28,85.86,52.79,90.35
878,2013-07-01,86.63,52.49,90.3
879,2013-07-02,86.57,52.8,90.64
880,2013-07-03,86.78,52.77,90.69
881,2013-07-05,87.87,53.99,91.57
882,2013-07-08,88.59,54.7,92.25
883,2013-07-09,88.88,54.89,93.34
884,2013-07-10,89.24,54.83,92.82
885,2013-07-11,89.67,55.14,93.27
886,2013-07-12,89.99,54.97,93.4
887,2013-07-15,90.4,54.89,93.25
888,2013-07-16,90.4,55.01,93.3
889,2013-07-17,90.13,55.27,93.46
890,2013-07-18,90.17,56.37,94.38
891,2013-07-19,92.23,56.16,95.17
892,2013-07-22,92.28,56.56,94.83
893,2013-07-23,92.42,56.67,95.2
894,2013-07-24,92.36,56.63,94.99
895,2013-07-25,92.57,56.5,94.97
896,2013-07-26,92.83,56.05,94.79
897,2013-07-29,93.21,55.69,94.03
898,2013-07-30,93.17,55.33,93.81
899,2013-07-31,93.5,55.73,93.75
900,2013-08-01,93.77,56.54,92.73
901,2013-08-02,94.39,56.49,91.95
902,2013-08-05,93.8,56.1,91.59
903,2013-08-06,93.81,55.49,91.47
904,2013-08-07,93.66,55.3,91.34
905,2013-08-08,93.34,54.83,91.78
906,2013-08-09,92.36,54.52,90.72
907,2013-08-12,92.0,54.09,89.89
908,2013-08-13,93.01,54.29,89.4
909,2013-08-14,90.7,54.15,88.95
910,2013-08-15,89.55,53.29,88.16
911,2013-08-16,89.37,53.29,87.91
912,2013-08-19,90.45,51.83,86.92
913,2013-08-20,89.73,52.12,86.83
914,2013-08-21,88.8,51.63,86.42
915,2013-08-22,88.26,52.21,86.98
916,2013-08-23,88.41,52.32,87.52
917,2013-08-26,87.53,51.8,87.09
918,2013-08-27,86.17,50.6,86.82
919,2013-08-28,86.53,50.58,88.84
920,2013-08-29,86.57,50.7,87.27
921,2013-08-30,86.41,50.53,87.16
922,2013-09-03,86.42,51.13,87.15
923,2013-09-04,86.9,51.87,87.76
924,2013-09-05,87.04,52.11,87.35
925,2013-09-06,87.16,52.56,87.25
926,2013-09-09,87.56,52.86,88.04
927,2013-09-10,88.53,53.67,87.82
928,2013-09-11,89.23,53.26,88.84
929,2013-09-12,89.01,52.24,87.98
930,2013-09-13,88.57,52.59,88.4
931,2013-09-16,89.03,53.14,88.67
932,2013-09-17,89.06,53.09,88.94
933,2013-09-18,89.91,53.41,89.58
934,2013-09-19,90.07,52.75,89.28
935,2013-09-20,89.68,52.8,88.66
936,2013-09-23,89.09,51.46,87.75
937,2013-09-24,88.22,50.32,87.36
938,2013-09-25,87.08,51.7,87.14
939,2013-09-26,87.07,51.89,87.07
940,2013-09-27,86.73,52.24,86.9
941,2013-09-30,86.69,51.69,86.04
942,2013-10-01,87.47,51.96,86.0
943,2013-10-02,87.29,52.09,86.08
944,2013-10-03,86.58,51.94,85.5
945,2013-10-04,87.31,52.67,86.32
946,2013-10-07,86.59,51.83,85.9
947,2013-10-08,85.61,50.87,85.51
948,2013-10-09,85.96,50.75,85.16
949,2013-10-10,87.78,52.52,86.04
950,2013-10-11,89.45,52.51,86.95
951,2013-10-14,89.8,52.71,87.6
952,2013-10-15,89.93,52.31,86.79
953,2013-10-16,91.11,54.0,87.31
954,2013-10-17,91.97,54.21,87.48
955,2013-10-18,91.63,54.3,87.55
956,2013-10-21,91.2,54.27,87.23
957,2013-10-22,92.36,53.62,87.98
958,2013-10-23,92.1,52.75,87.61
959,2013-10-24,92.35,52.48,88.42
960,2013-10-25,92.09,52.77,87.97
961,2013-10-28,92.39,52.68,88.23
962,2013-10-29,93.14,52.73,88.93
963,2013-10-30,92.79,52.6,88.81
964,2013-10-31,92.61,51.54,89.62
965,2013-11-01,93.37,52.51,89.82
966,2013-11-04,93.03,52.04,92.1
967,2013-11-05,92.81,51.95,91.99
968,2013-11-06,93.04,52.1,93.22
969,2013-11-07,92.69,51.65,91.96
970,2013-11-08,94.05,53.96,92.73
971,2013-11-11,94.29,54.1,92.96
972,2013-11-12,93.56,53.97,92.67
973,2013-11-13,93.34,54.14,92.59
974,2013-11-14,93.92,54.4,93.22
975,2013-11-15,94.39,54.87,95.27
976,2013-11-18,94.3,55.74,95.45
977,2013-11-19,94.86,56.15,95.42
978,2013-11-20,95.15,56.1,94.68
979,2013-11-21,95.2,57.22,94.69
980,2013-11-22,95.25,57.46,95.01
981,2013-11-25,95.63,57.65,95.09
982,2013-11-26,95.06,57.17,94.27
983,2013-11-27,94.98,57.48,93.8
984,2013-11-29,94.66,57.22,93.48
985,2013-12-02,94.28,56.98,93.52
986,2013-12-03,93.97,56.86,94.39
987,2013-12-04,93.63,57.19,94.67
988,2013-12-05,92.97,55.82,94.13
989,2013-12-06,94.44,56.06,95.65
990,2013-12-09,94.44,56.51,95.84
991,2013-12-10,94.14,56.7,95.71
992,2013-12-11,93.11,56.07,94.26
993,2013-12-12,91.16,56.31,95.36
994,2013-12-13,91.35,56.17,95.31
995,2013-12-16,91.37,56.42,97.22
996,2013-12-17,90.66,55.72,96.75
997,2013-12-18,92.64,57.24,99.54
998,2013-12-19,91.98,57.23,99.43
999,2013-12-20,92.09,57.7,98.68
1000,2013-12-23,92.03,58.24,98.51
1001,2013-12-24,92.06,58.25,99.22
1002,2013-12-26,92.54,58.2,100.9
1003,2013-12-27,92.35,58.14,101.51
1004,2013-12-30,92.3,57.95,100.31
1005,2013-12-31,91.59,58.48,101.2
1006,2014-01-02,91.03,58.21,99.75
1007,2014-01-03,91.85,58.66,99.51
1008,2014-01-06,92.33,59.0,99.66
1009,2014-01-07,94.29,58.32,101.07
1010,2014-01-08,94.16,58.87,100.74
1011,2014-01-09,94.73,58.76,99.76
1012,2014-01-10,94.74,58.49,100.52
1013,2014-01-13,94.5,57.7,98.55
1014,2014-01-14,94.72,57.74,99.12
1015,2014-01-15,94.8,59.49,98.78
1016,2014-01-16,94.64,58.99,98.94
1017,2014-01-17,95.06,58.11,99.16
1018,2014-01-21,94.03,58.17,98.5
1019,2014-01-22,94.32,57.59,97.88
1020,2014-01-23,92.74,56.47,96.97
1021,2014-01-24,90.61,55.09,94.85
1022,2014-01-27,89.94,55.09,94.92
1023,2014-01-28,90.1,55.74,95.65
1024,2014-01-29,88.9,55.53,95.11
1025,2014-01-30,89.5,56.0,93.99
1026,2014-01-31,88.47,55.36,92.16
1027,2014-02-03,86.78,54.31,90.05
1028,2014-02-04,86.62,54.95,90.02
1029,2014-02-05,87.28,55.21,89.58
1030,2014-02-06,88.75,56.48,89.8
1031,2014-02-07,90.04,56.62,90.58
1032,2014-02-10,91.07,56.74,89.52
1033,2014-02-11,92.97,57.43,90.84
1034,2014-02-12,92.42,57.52,91.08
1035,2014-02-13,92.56,58.03,91.43
1036,2014-02-14,92.76,58.15,94.11
1037,2014-02-18,92.17,58.49,94.07
1038,2014-02-19,91.64,57.26,93.95
1039,2014-02-20,92.38,57.58,95.37
1040,2014-02-21,91.52,57.61,95.03
1041,2014-02-24,91.11,58.03,96.44
1042,2014-02-25,91.11,57.03,96.31
1043,2014-02-26,91.11,56.75,95.79
1044,2014-02-27,91.36,56.69,95.84
1045,2014-02-28,92.12,56.82,96.27
1046,2014-03-03,91.56,56.21,95.5
1047,2014-03-04,93.34,57.26,96.52
1048,2014-03-05,92.59,58.16,93.8
1049,2014-03-06,92.89,58.9,93.76
1050,2014-03-07,93.32,59.4,94.99
1051,2014-03-10,93.45,59.2,95.5
1052,2014-03-11,93.49,58.19,94.01
1053,2014-03-12,93.6,57.92,94.21
1054,2014-03-13,93.0,57.42,93.64
1055,2014-03-14,92.81,56.8,93.47
1056,2014-03-17,93.93,57.58,94.32
1057,2014-03-18,93.94,58.06,94.71
1058,2014-03-19,93.59,58.3,93.73
1059,2014-03-20,94.12,60.11,94.58
1060,2014-03-21,95.93,60.17,94.31
1061,2014-03-24,95.2,61.07,94.64
1062,2014-03-25,97.38,60.93,94.91
1063,2014-03-26,97.05,59.9,94.7
1064,2014-03-27,97.28,59.92,96.24
1065,2014-03-28,97.44,60.04,97.7
1066,2014-03-31,98.23,60.71,97.68
1067,2014-04-01,97.94,60.67,97.73
1068,2014-04-02,98.23,60.48,97.95
1069,2014-04-03,98.26,60.66,97.93
1070,2014-04-04,98.42,59.81,97.36
1071,2014-04-07,97.89,59.0,96.78
1072,2014-04-08,98.06,58.85,97.45
1073,2014-04-09,98.95,59.27,97.33
1074,2014-04-10,96.54,57.4,96.78
1075,2014-04-11,96.87,55.3,96.72
1076,2014-04-14,97.14,54.96,97.86
1077,2014-04-15,99.2,54.8,98.68
1078,2014-04-16,98.75,55.26,99.94
1079,2014-04-17,98.96,55.22,100.42
1080,2014-04-21,100.0,55.03,100.93
1081,2014-04-22,100.18,55.81,100.37
1082,2014-04-23,100.22,56.05,100.5
1083,2014-04-24,99.96,56.19,100.01
1084,2014-04-25,99.79,55.7,100.41
1085,2014-04-28,101.34,55.49,101.17
1086,2014-04-29,101.03,56.1,101.45
1087,2014-04-30,101.29,55.98,102.41
1088,2014-05-01,100.53,55.72,101.41
1089,2014-05-02,99.31,55.58,102.01
1090,2014-05-05,100.0,54.22,102.91
1091,2014-05-06,99.51,53.34,102.67
1092,2014-05-07,100.91,54.05,103.11
1093,2014-05-08,100.5,54.36,102.32
1094,2014-05-09,100.91,54.01,101.95
1095,2014-05-12,100.52,54.65,102.23
1096,2014-05-13,101.02,54.62,102.36
1097,2014-05-14,100.87,54.36,102.29
1098,2014-05-15,100.69,53.51,100.78
1099,2014-05-16,100.58,53.31,100.74
1100,2014-05-19,100.64,53.83,100.87
1101,2014-05-20,100.25,53.72,100.67
1102,2014-05-21,101.14,54.12,102.03
1103,2014-05-22,100.96,54.55,101.5
1104,2014-05-23,100.98,54.53,101.32
1105,2014-05-27,100.81,55.14,101.36
1106,2014-05-28,100.3,55.45,101.06
1107,2014-05-29,100.76,55.72,101.27
1108,2014-05-30,101.46,55.57,100.53
1109,2014-06-02,102.17,55.35,99.94
1110,2014-06-03,102.46,55.6,100.39
1111,2014-06-04,102.68,55.68,100.04
1112,2014-06-05,103.22,56.63,100.55
1113,2014-06-06,103.18,56.97,101.6
1114,2014-06-09,103.22,57.42,101.52
1115,2014-06-10,104.1,57.9,101.46
1116,2014-06-11,103.32,57.27,101.95
1117,2014-06-12,102.53,57.04,101.66
1118,2014-06-13,102.53,57.04,102.65
1119,2014-06-16,102.45,56.87,102.92
1120,2014-06-17,101.93,57.42,102.42
1121,2014-06-18,102.81,57.78,102.73
1122,2014-06-19,103.81,57.3,102.63
1123,2014-06-20,105.27,57.55,103.83
1124,2014-06-23,104.75,58.19,104.38
1125,2014-06-24,104.59,57.42,102.73
1126,2014-06-25,105.76,57.53,102.14
1127,2014-06-26,105.65,57.39,102.03
1128,2014-06-27,104.99,57.53,101.21
1129,2014-06-30,104.62,57.62,100.68
1130,2014-07-01,105.87,57.57,101.36
1131,2014-07-02,105.86,56.97,101.57
1132,2014-07-03,105.42,57.05,102.59
1133,2014-07-07,106.47,56.67,102.65
1134,2014-07-08,105.72,55.76,102.83
1135,2014-07-09,106.04,56.02,103.55
1136,2014-07-10,105.8,55.56,102.57
1137,2014-07-11,105.1,55.8,101.74
1138,2014-07-14,105.38,56.29,102.68
1139,2014-07-15,103.28,58.27,102.39
1140,2014-07-16,102.22,58.71,103.77
1141,2014-07-17,100.37,57.86,102.31
1142,2014-07-18,101.8,58.23,102.73
1143,2014-07-21,101.27,58.24,103.08
1144,2014-07-22,102.47,58.67,103.54
1145,2014-07-23,102.19,59.0,104.25
1146,2014-07-24,102.2,59.17,104.28
1147,2014-07-25,102.11,59.01,103.18
1148,2014-07-28,102.11,59.19,104.37
1149,2014-07-29,101.96,58.64,103.55
1150,2014-07-30,102.3,58.91,103.25
1151,2014-07-31,100.09,57.67,98.94
1152,2014-08-01,99.9,56.48,98.8
1153,2014-08-04,100.16,56.65,100.13
1154,2014-08-05,99.82,56.06,98.2
1155,2014-08-06,100.71,56.23,98.98
1156,2014-08-07,99.93,55.91,98.27
1157,2014-08-08,101.08,56.34,99.74
1158,2014-08-11,101.16,56.32,98.73
1159,2014-08-12,100.63,56.35,98.49
1160,2014-08-13,101.74,56.72,99.09
1161,2014-08-14,102.02,56.98,99.09
1162,2014-08-15,101.17,56.75,99.03
1163,2014-08-18,102.7,57.23,99.52
1164,2014-08-19,102.96,57.56,99.49
1165,2014-08-20,103.21,57.64,99.7
1166,2014-08-21,104.19,58.5,99.28
1167,2014-08-22,103.1,58.49,98.5
1168,2014-08-25,103.23,59.34,98.75
1169,2014-08-26,103.44,59.74,99.64
1170,2014-08-27,103.22,59.59,99.53
1171,2014-08-28,102.95,59.16,99.57
1172,2014-08-29,103.73,59.45,99.46
1173,2014-09-02,103.36,59.67,98.49
1174,2014-09-03,103.76,59.7,99.11
1175,2014-09-04,103.84,59.71,98.36
1176,2014-09-05,104.42,59.91,99.26
1177,2014-09-08,104.05,59.89,97.77
1178,2014-09-09,103.8,59.06,97.39
1179,2014-09-10,104.99,59.22,96.81
1180,2014-09-11,104.55,59.76,97.03
1181,2014-09-12,104.58,60.03,95.78
1182,2014-09-15,104.72,59.94,96.29
1183,2014-09-16,105.88,59.99,97.43
1184,2014-09-17,106.19,60.31,97.08
1185,2014-09-18,107.35,61.32,96.61
1186,2014-09-19,107.99,61.11,97.12
1187,2014-09-22,107.88,60.91,96.54
1188,2014-09-23,107.46,60.94,96.03
1189,2014-09-24,108.64,61.63,95.82
1190,2014-09-25,107.1,60.15,94.25
1191,2014-09-26,107.1,60.56,95.43
1192,2014-09-29,106.54,60.33,94.43
1193,2014-09-30,106.59,60.24,94.05
1194,2014-10-01,104.3,59.77,92.86
1195,2014-10-02,103.85,58.84,93.3
1196,2014-10-03,105.13,60.3,93.92
1197,2014-10-06,104.86,60.18,94.52
1198,2014-10-07,102.39,59.27,93.37
1199,2014-10-08,104.91,60.4,94.61
1200,2014-10-09,102.08,59.08,91.82
1201,2014-10-10,101.23,58.52,91.6
1202,2014-10-13,99.12,58.16,90.84
1203,2014-10-14,97.01,57.99,90.55
1204,2014-10-15,98.21,55.53,90.22
1205,2014-10-16,96.78,55.08,90.6
1206,2014-10-17,98.7,56.2,91.21
1207,2014-10-20,99.2,56.63,91.77
1208,2014-10-21,100.36,57.93,93.65
1209,2014-10-22,101.22,57.45,93.13
1210,2014-10-23,102.63,58.06,94.11
1211,2014-10-24,103.13,58.74,94.49
1212,2014-10-27,104.07,58.64,93.71
1213,2014-10-28,104.79,59.63,95.1
1214,2014-10-29,105.56,59.29,94.59
1215,2014-10-30,107.04,59.39,94.45
1216,2014-10-31,107.78,60.48,96.71
1217,2014-11-03,107.46,60.88,95.26
1218,2014-11-04,108.62,60.25,94.52
1219,2014-11-05,108.82,61.15,95.07
1220,2014-11-06,109.01,61.23,96.26
1221,2014-11-07,108.2,61.47,96.59
1222,2014-11-10,108.82,61.93,96.28
1223,2014-11-11,108.91,61.37,96.41
1224,2014-11-12,108.75,60.56,95.38
1225,2014-11-13,109.07,60.23,94.66
1226,2014-11-14,108.16,60.28,95.09
1227,2014-11-17,108.3,60.38,95.11
1228,2014-11-18,108.83,60.53,94.87
1229,2014-11-19,108.76,60.6,95.61
1230,2014-11-20,108.18,60.12,95.82
1231,2014-11-21,107.86,60.45,96.81
1232,2014-11-24,106.88,60.96,95.72
1233,2014-11-25,106.7,60.3,94.78
1234,2014-11-26,107.21,60.34,94.48
1235,2014-11-28,108.25,60.16,90.54
1236,2014-12-01,108.03,60.0,92.35
1237,2014-12-02,108.51,61.08,94.19
1238,2014-12-03,107.72,61.54,94.95
1239,2014-12-04,107.56,61.38,94.37
1240,2014-12-05,108.51,62.7,93.82
1241,2014-12-08,108.52,62.67,91.7
1242,2014-12-09,108.05,62.45,91.38
1243,2014-12-10,106.24,60.68,88.67
1244,2014-12-11,106.72,61.14,89.2
1245,2014-12-12,104.43,60.04,86.6
1246,2014-12-15,103.96,59.16,86.9
1247,2014-12-16,102.76,58.43,86.41
1248,2014-12-17,104.07,59.77,89.02
1249,2014-12-18,106.81,61.48,91.16
1250,2014-12-19,105.55,61.93,93.64
1251,2014-12-22,106.74,61.94,93.33
1252,2014-12-23,104.28,62.48,94.59
1253,2014-12-24,104.59,62.48,93.78
1254,2014-12-26,105.06,62.55,93.21
1255,2014-12-29,105.33,62.96,93.07
1256,2014-12-30,105.36,63.15,93.02
1257,2014-12-31,104.57,62.58,92.45
1258,2015-01-02,104.52,62.49,92.83
1259,2015-01-05,103.79,60.55,90.29
1260,2015-01-06,103.28,58.98,89.81
1261,2015-01-07,105.56,59.07,90.72
1262,2015-01-08,106.39,60.39,92.23
1263,2015-01-09,104.94,59.34,92.1
1264,2015-01-12,104.58,58.83,90.33
1265,2015-01-13,104.76,58.84,90.0
1266,2015-01-14,104.0,56.81,89.74
1267,2015-01-15,102.49,54.99,88.96
1268,2015-01-16,104.04,55.93,91.12
1269,2015-01-20,101.29,55.71,91.09
1270,2015-01-21,101.9,55.89,91.87
1271,2015-01-22,103.76,57.59,92.87
1272,2015-01-23,102.2,56.68,90.89
1273,2015-01-26,102.26,56.77,91.76
1274,2015-01-27,102.09,56.2,90.95
1275,2015-01-28,101.48,54.75,87.95
1276,2015-01-29,102.38,55.67,87.58
1277,2015-01-30,100.14,54.38,87.42
1278,2015-02-02,100.83,55.47,89.58
1279,2015-02-03,102.46,56.72,92.25
1280,2015-02-04,101.36,56.38,91.46
1281,2015-02-05,102.46,56.77,92.36
1282,2015-02-06,101.1,57.89,91.5
1283,2015-02-09,99.78,57.82,91.56
1284,2015-02-10,100.35,58.46,91.01
1285,2015-02-11,100.38,58.37,90.6
1286,2015-02-12,98.44,59.57,92.37
1287,2015-02-13,99.62,59.67,93.37
1288,2015-02-17,100.44,60.1,93.05
1289,2015-02-18,99.96,59.37,91.01
1290,2015-02-19,100.7,59.23,89.44
1291,2015-02-20,100.26,59.8,89.92
1292,2015-02-23,100.18,59.35,89.01
1293,2015-02-24,100.7,60.82,89.42
1294,2015-02-25,101.21,61.14,89.6
1295,2015-02-26,102.8,61.58,88.65
1296,2015-02-27,102.51,61.28,88.54
1297,2015-03-02,103.22,61.77,88.04
1298,2015-03-03,102.34,61.97,87.62
1299,2015-03-04,101.65,62.13,87.18
1300,2015-03-05,102.52,62.0,86.74
1301,2015-03-06,100.11,60.89,85.63
1302,2015-03-09,100.66,61.5,85.16
1303,2015-03-10,99.53,59.96,84.26
1304,2015-03-11,98.32,60.24,84.02
1305,2015-03-12,99.83,61.37,84.22
1306,2015-03-13,99.21,61.0,83.87
1307,2015-03-16,101.06,61.85,84.76
1308,2015-03-17,99.89,61.61,84.08
1309,2015-03-18,101.46,61.75,86.07
1310,2015-03-19,101.69,61.2,84.41
1311,2015-03-20,102.4,61.75,84.54
1312,2015-03-23,102.98,61.14,85.43
1313,2015-03-24,101.96,60.46,84.52
1314,2015-03-25,100.34,59.61,84.86
1315,2015-03-26,100.14,59.54,84.32
1316,2015-03-27,100.34,59.55,83.58
1317,2015-03-30,101.55,60.96,85.63
1318,2015-03-31,100.6,60.58,85.0
1319,2015-04-01,99.15,59.95,84.46
1320,2015-04-02,99.64,60.52,84.3
1321,2015-04-06,99.16,60.47,85.13
1322,2015-04-07,100.1,60.85,85.75
1323,2015-04-08,100.16,61.05,84.06
1324,2015-04-09,101.33,61.47,84.65
1325,2015-04-10,102.06,61.7,85.56
1326,2015-04-13,100.55,62.07,85.34
1327,2015-04-14,100.52,63.04,86.63
1328,2015-04-15,100.6,64.21,88.08
1329,2015-04-16,99.79,63.81,87.73
1330,2015-04-17,99.58,62.84,86.93
1331,2015-04-20,100.21,63.24,87.24
1332,2015-04-21,100.3,62.31,86.88
1333,2015-04-22,100.43,62.94,87.46
1334,2015-04-23,100.46,62.8,87.54
1335,2015-04-24,101.08,62.6,86.97
1336,2015-04-27,100.58,62.34,87.01
1337,2015-04-28,100.74,62.76,87.8
1338,2015-04-29,100.39,63.6,87.87
1339,2015-04-30,99.2,63.26,87.37
1340,2015-05-01,100.13,63.61,88.85
1341,2015-05-04,100.35,64.72,89.11
1342,2015-05-05,99.5,64.4,88.61
1343,2015-05-06,99.17,63.92,88.19
1344,2015-05-07,99.66,64.5,87.6
1345,2015-05-08,101.47,65.49,88.99
1346,2015-05-11,101.03,65.45,86.78
1347,2015-05-12,100.47,65.36,87.02
1348,2015-05-13,100.55,65.52,86.56
1349,2015-05-14,101.83,66.05,86.97
1350,2015-05-15,102.3,65.88,87.35
1351,2015-05-18,103.42,66.42,86.85
1352,2015-05-19,103.96,67.01,86.99
1353,2015-05-20,103.6,66.48,87.13
1354,2015-05-21,102.42,66.65,87.21
1355,2015-05-22,101.35,66.47,86.52
1356,2015-05-26,100.82,65.73,85.35
1357,2015-05-27,101.13,66.47,85.11
1358,2015-05-28,101.15,66.2,85.11
1359,2015-05-29,100.14,65.78,85.2
1360,2015-06-01,100.04,66.08,85.13
1361,2015-06-02,99.98,66.02,85.14
1362,2015-06-03,100.09,66.7,84.95
1363,2015-06-04,99.23,66.33,84.22
1364,2015-06-05,98.59,67.42,84.28
1365,2015-06-08,97.96,66.89,84.85
1366,2015-06-09,98.21,67.18,84.58
1367,2015-06-10,98.88,68.26,85.21
1368,2015-06-11,99.24,68.52,85.09
1369,2015-06-12,98.35,68.25,84.02
1370,2015-06-15,97.49,67.99,83.72
1371,2015-06-16,98.36,68.37,84.68
1372,2015-06-17,98.73,68.14,84.73
1373,2015-06-18,100.36,68.78,85.48
1374,2015-06-19,99.86,68.08,85.21
1375,2015-06-22,100.09,68.96,85.17
1376,2015-06-23,99.78,69.75,85.07
1377,2015-06-24,99.33,69.02,84.68
1378,2015-06-25,99.12,68.65,83.93
1379,2015-06-26,99.64,68.95,83.86
1380,2015-06-29,97.68,67.2,82.82
1381,2015-06-30,97.46,67.76,83.2
1382,2015-07-01,98.47,68.07,82.37
1383,2015-07-02,98.44,67.52,83.14
1384,2015-07-06,98.2,67.33,82.53
1385,2015-07-07,98.92,66.8,82.87
1386,2015-07-08,97.77,65.43,81.97
1387,2015-07-09,98.4,66.11,81.6
1388,2015-07-10,99.53,67.05,82.22
1389,2015-07-13,100.27,68.09,82.42
1390,2015-07-14,99.78,69.04,83.11
1391,2015-07-15,100.42,69.19,82.76
1392,2015-07-16,101.11,69.56,82.91
1393,2015-07-17,100.08,69.21,82.61
1394,2015-07-20,100.37,69.26,81.76
1395,2015-07-21,100.34,69.1,81.66
1396,2015-07-22,100.18,70.08,81.79
1397,2015-07-23,100.2,69.64,81.14
1398,2015-07-24,99.15,68.91,79.94
1399,2015-07-27,98.28,68.01,79.26
1400,2015-07-28,99.02,68.05,82.48
1401,2015-07-29,99.73,68.94,83.14
1402,2015-07-30,99.84,69.04,83.01
1403,2015-07-31,100.21,68.53,79.21
1404,2015-08-03,100.02,68.53,78.06
1405,2015-08-04,99.8,68.46,77.17
1406,2015-08-05,100.52,68.73,77.17
1407,2015-08-06,99.07,68.25,78.09
1408,2015-08-07,98.85,68.05,76.83
1409,2015-08-10,99.79,68.89,78.75
1410,2015-08-11,99.01,68.23,77.49
1411,2015-08-12,98.71,67.24,78.79
1412,2015-08-13,98.48,67.55,78.65
1413,2015-08-14,98.81,67.89,78.36
1414,2015-08-17,99.87,68.07,78.77
1415,2015-08-18,99.37,68.21,77.9
1416,2015-08-19,99.31,67.6,76.23
1417,2015-08-20,98.79,65.94,74.57
1418,2015-08-21,95.56,63.6,72.13
1419,2015-08-24,92.82,60.25,68.72
1420,2015-08-25,90.73,59.91,68.71
1421,2015-08-26,95.11,62.91,72.5
1422,2015-08-27,96.22,64.48,74.85
1423,2015-08-28,95.17,64.13,75.07
1424,2015-08-31,93.98,64.1,75.24
1425,2015-09-01,92.09,61.45,72.08
1426,2015-09-02,93.35,62.57,73.23
1427,2015-09-03,92.64,62.68,73.79
1428,2015-09-04,91.31,61.5,72.46
1429,2015-09-08,93.94,63.16,73.5
1430,2015-09-09,92.22,62.18,72.0
1431,2015-09-10,92.72,62.66,72.52
1432,2015-09-11,92.93,62.56,72.69
1433,2015-09-14,93.32,62.38,72.49
1434,2015-09-15,94.4,63.58,72.86
1435,2015-09-16,94.61,64.14,74.3
1436,2015-09-17,94.84,62.65,74.46
1437,2015-09-18,93.39,60.94,72.68
1438,2015-09-21,93.13,61.45,73.39
1439,2015-09-22,93.24,60.91,72.74
1440,2015-09-23,92.99,60.64,72.3
1441,2015-09-24,92.48,60.22,72.73
1442,2015-09-25,91.0,61.47,73.23
1443,2015-09-28,91.37,59.98,72.6
1444,2015-09-29,93.04,59.84,72.97
1445,2015-09-30,93.35,60.97,74.35
1446,2015-10-01,93.17,61.42,74.06
1447,2015-10-02,93.93,60.81,75.88
1448,2015-10-05,94.76,62.02,76.81
1449,2015-10-06,93.42,62.05,77.89
1450,2015-10-07,94.98,62.13,79.2
1451,2015-10-08,95.08,62.13,80.03
1452,2015-10-09,95.37,61.93,79.26
1453,2015-10-12,95.99,61.72,79.3
1454,2015-10-13,95.45,61.55,79.16
1455,2015-10-14,94.53,59.99,80.16
1456,2015-10-15,97.15,61.89,81.48
1457,2015-10-16,98.24,62.43,82.48
1458,2015-10-19,97.94,62.22,80.99
1459,2015-10-20,97.59,62.52,80.83
1460,2015-10-21,97.63,62.06,80.21
1461,2015-10-22,99.53,63.19,82.89
1462,2015-10-23,100.31,63.87,82.98
1463,2015-10-26,99.94,63.9,81.22
1464,2015-10-27,100.19,63.64,81.09
1465,2015-10-28,100.48,65.5,82.28
1466,2015-10-29,101.37,65.21,82.23
1467,2015-10-30,101.03,64.25,82.74
1468,2015-11-02,102.17,65.54,85.28
1469,2015-11-03,101.96,65.78,86.85
1470,2015-11-04,101.94,65.85,85.98
1471,2015-11-05,102.33,66.44,84.81
1472,2015-11-06,101.92,68.46,84.47
1473,2015-11-09,100.84,67.39,81.95
1474,2015-11-10,101.45,67.68,82.35
1475,2015-11-11,101.86,67.35,81.62
1476,2015-11-12,100.27,66.0,79.41
1477,2015-11-13,99.88,65.56,78.1
1478,2015-11-16,101.22,66.51,80.9
1479,2015-11-17,101.5,66.13,79.96
1480,2015-11-18,102.67,67.45,80.74
1481,2015-11-19,102.49,67.66,80.3
1482,2015-11-20,102.48,67.54,79.79
1483,2015-11-23,102.77,66.88,80.28
1484,2015-11-24,102.04,66.78,81.88
1485,2015-11-25,101.96,66.86,81.25
1486,2015-11-27,102.37,67.17,81.23
1487,2015-11-30,101.24,66.68,81.66
1488,2015-12-01,102.36,67.61,81.89
1489,2015-12-02,102.05,66.66,79.55
1490,2015-12-03,100.79,65.8,78.41
1491,2015-12-04,102.95,67.89,78.86
1492,2015-12-07,103.32,67.0,76.8
1493,2015-12-08,102.42,65.96,74.63
1494,2015-12-09,102.15,65.46,75.63
1495,2015-12-10,102.64,65.61,75.69
1496,2015-12-11,101.68,64.07,74.34
1497,2015-12-14,102.15,64.27,76.03
1498,2015-12-15,104.13,66.1,79.43
1499,2015-12-16,105.25,67.53,79.15
1500,2015-12-17,103.64,66.28,77.96
1501,2015-12-18,101.95,64.4,77.28
1502,2015-12-21,101.58,65.54,77.26
1503,2015-12-22,102.71,65.68,77.65
1504,2015-12-23,103.49,66.73,80.19
1505,2015-12-24,103.72,66.6,79.33
1506,2015-12-28,103.22,66.38,78.74
1507,2015-12-29,104.03,67.07,79.16
1508,2015-12-30,103.78,66.59,78.11
1509,2015-12-31,102.72,66.03,77.95
1510,2016-01-04,100.48,63.62,77.46
1511,2016-01-05,100.9,63.73,78.12
1512,2016-01-06,100.39,62.81,77.47
1513,2016-01-07,99.22,60.27,76.23
1514,2016-01-08,98.16,58.92,74.69
1515,2016-01-11,97.57,58.83,73.69
1516,2016-01-12,98.24,58.96,75.2
1517,2016-01-13,97.02,57.34,75.65
1518,2016-01-14,98.89,58.2,79.12
1519,2016-01-15,97.0,57.04,77.58
1520,2016-01-19,97.5,57.01,76.4
1521,2016-01-20,95.75,55.51,73.18
1522,2016-01-21,95.94,55.25,74.1
1523,2016-01-22,96.75,56.95,76.57
1524,2016-01-25,96.4,55.66,73.98
1525,2016-01-26,101.18,57.08,76.7
1526,2016-01-27,102.16,57.04,75.29
1527,2016-01-28,102.27,57.28,76.99
1528,2016-01-29,104.44,59.5,77.85
1529,2016-02-01,104.37,58.86,76.29
1530,2016-02-02,103.41,57.03,74.59
1531,2016-02-03,104.14,57.41,78.48
1532,2016-02-04,103.9,58.4,79.83
1533,2016-02-05,100.54,57.75,80.08
1534,2016-02-08,102.0,56.54,81.16
1535,2016-02-09,101.97,56.2,80.08
1536,2016-02-10,101.73,55.52,79.35
1537,2016-02-11,101.7,53.07,79.6
1538,2016-02-12,101.82,57.49,81.03
1539,2016-02-16,102.32,58.35,81.22
1540,2016-02-17,102.5,58.77,82.0
1541,2016-02-18,104.24,57.81,82.45
1542,2016-02-19,104.16,57.82,82.5
1543,2016-02-22,104.75,58.57,82.39
1544,2016-02-23,104.08,56.12,81.23
1545,2016-02-24,104.96,56.14,81.52
1546,2016-02-25,106.38,57.01,82.01
1547,2016-02-26,105.78,57.54,81.75
1548,2016-02-29,105.21,56.3,80.15
1549,2016-03-01,107.22,59.2,81.28
1550,2016-03-02,107.04,59.76,82.7
1551,2016-03-03,106.65,59.96,82.4
1552,2016-03-04,106.5,60.05,82.29
1553,2016-03-07,106.74,59.94,84.46
1554,2016-03-08,106.22,58.78,82.63
1555,2016-03-09,106.84,59.12,82.4
1556,2016-03-10,107.14,58.61,82.18
1557,2016-03-11,107.71,59.34,82.19
1558,2016-03-14,107.66,59.12,82.41
1559,2016-03-15,107.76,59.2,82.82
1560,2016-03-16,107.41,58.92,82.87
1561,2016-03-17,106.74,58.75,84.1
1562,2016-03-18,107.5,60.48,84.2
1563,2016-03-21,107.28,60.46,83.62
1564,2016-03-22,107.38,60.24,84.12
1565,2016-03-23,108.5,59.94,83.75
1566,2016-03-24,108.31,59.48,83.98
1567,2016-03-28,108.23,59.4,84.22
1568,2016-03-29,109.14,59.03,84.53
1569,2016-03-30,108.98,59.71,84.52
1570,2016-03-31,108.2,59.22,83.59
1571,2016-04-01,109.19,59.87,82.96
1572,2016-04-04,108.59,59.2,83.16
1573,2016-04-05,108.95,58.36,82.21
1574,2016-04-06,109.42,58.81,83.31
1575,2016-04-07,109.27,57.32,82.37
1576,2016-04-08,109.1,57.74,83.21
1577,2016-04-11,108.97,58.2,83.32
1578,2016-04-12,109.6,59.28,84.35
1579,2016-04-13,109.87,61.79,84.83
1580,2016-04-14,109.84,62.59,85.43
1581,2016-04-15,110.18,61.87,84.97
1582,2016-04-18,110.93,62.27,85.78
1583,2016-04-19,112.68,63.32,86.21
1584,2016-04-20,113.58,64.24,86.8
1585,2016-04-21,113.57,63.6,86.79
1586,2016-04-22,113.32,63.97,87.53
1587,2016-04-25,113.51,63.6,87.33
1588,2016-04-26,112.91,63.93,87.63
1589,2016-04-27,112.77,64.11,88.46
1590,2016-04-28,112.48,63.6,88.03
1591,2016-04-29,112.08,63.2,88.4
1592,2016-05-02,112.75,63.79,89.13
1593,2016-05-03,112.69,62.56,88.11
1594,2016-05-04,112.22,61.57,87.94
1595,2016-05-05,112.88,61.24,88.04
1596,2016-05-06,112.74,61.6,88.51
1597,2016-05-09,113.72,61.21,88.57
1598,2016-05-10,114.67,62.04,89.99
1599,2016-05-11,114.37,61.81,88.81
1600,2016-05-12,114.23,61.77,89.67
1601,2016-05-13,113.56,61.2,88.66
1602,2016-05-16,114.44,61.66,89.57
1603,2016-05-17,113.83,61.66,89.53
1604,2016-05-18,113.59,64.04,89.35
1605,2016-05-19,112.85,63.39,90.11
1606,2016-05-20,112.64,63.51,89.74
1607,2016-05-23,112.16,63.46,89.6
1608,2016-05-24,112.69,64.54,89.67
1609,2016-05-25,113.35,65.52,90.26
1610,2016-05-26,112.9,65.03,89.8
1611,2016-05-27,113.06,65.43,90.01
1612,2016-05-31,112.69,65.27,89.02
1613,2016-06-01,112.78,65.69,89.24
1614,2016-06-02,114.49,65.81,88.53
1615,2016-06-03,114.76,64.64,88.37
1616,2016-06-06,115.77,65.28,89.34
1617,2016-06-07,115.73,65.06,90.71
1618,2016-06-08,115.8,65.25,90.79
1619,2016-06-09,117.0,64.75,90.67
1620,2016-06-10,117.01,63.84,89.98
1621,2016-06-13,116.79,63.27,90.59
1622,2016-06-14,117.12,62.08,90.43
1623,2016-06-15,116.41,61.97,90.16
1624,2016-06-16,116.64,62.22,91.22
1625,2016-06-17,115.48,62.28,90.72
1626,2016-06-20,116.54,62.37,91.12
1627,2016-06-21,116.18,62.95,91.53
1628,2016-06-22,116.46,62.71,91.17
1629,2016-06-23,117.38,64.05,91.8
1630,2016-06-24,115.63,59.6,89.39
1631,2016-06-27,116.55,57.61,88.86
1632,2016-06-28,118.23,59.52,90.91
1633,2016-06-29,119.33,61.2,92.46
1634,2016-06-30,121.3,62.14,93.74
1635,2016-07-01,121.29,61.26,93.84
1636,2016-07-05,122.27,59.55,93.02
1637,2016-07-06,122.64,60.19,94.09
1638,2016-07-07,122.51,60.58,92.96
1639,2016-07-08,122.85,61.83,93.54
1640,2016-07-11,122.93,62.27,93.89
1641,2016-07-12,122.92,63.2,94.95
1642,2016-07-13,123.0,63.16,94.88
1643,2016-07-14,123.18,64.12,94.95
1644,2016-07-15,123.0,64.18,95.12
1645,2016-07-18,123.14,63.96,94.82
1646,2016-07-19,125.25,63.86,94.47
1647,2016-07-20,125.14,63.93,93.93
1648,2016-07-21,125.15,63.69,93.85
1649,2016-07-22,125.03,64.04,94.01
1650,2016-07-25,124.89,63.87,92.2
1651,2016-07-26,125.15,64.13,91.53
1652,2016-07-27,124.77,64.33,90.91
1653,2016-07-28,124.46,64.1,90.2
1654,2016-07-29,125.23,63.97,88.95
1655,2016-08-01,125.4,63.8,85.86
1656,2016-08-02,124.85,63.65,87.04
1657,2016-08-03,123.9,64.66,87.49
1658,2016-08-04,123.86,64.56,87.48
1659,2016-08-05,124.24,66.3,87.56
1660,2016-08-08,123.65,66.1,88.59
1661,2016-08-09,123.43,65.87,88.7
1662,2016-08-10,123.36,65.28,86.41
1663,2016-08-11,123.77,65.46,86.72
1664,2016-08-12,123.22,65.32,87.85
1665,2016-08-15,122.31,65.72,87.81
1666,2016-08-16,120.33,65.71,87.92
1667,2016-08-17,121.31,65.89,88.11
1668,2016-08-18,120.72,65.95,88.91
1669,2016-08-19,119.92,65.86,87.8
1670,2016-08-22,119.13,65.8,87.99
1671,2016-08-23,119.44,65.77,87.72
1672,2016-08-24,118.71,65.95,88.02
1673,2016-08-25,118.57,66.07,87.46
1674,2016-08-26,119.04,66.22,87.27
1675,2016-08-29,119.92,66.95,87.84
1676,2016-08-30,119.47,67.5,87.52
1677,2016-08-31,119.34,67.5,87.14
1678,2016-09-01,119.08,67.21,86.84
1679,2016-09-02,119.32,67.49,87.42
1680,2016-09-06,119.75,67.44,88.57
1681,2016-09-07,119.61,67.16,88.24
1682,2016-09-08,119.47,67.25,89.05
1683,2016-09-09,118.23,66.65,86.84
1684,2016-09-12,119.16,67.06,87.29
1685,2016-09-13,117.61,66.53,85.21
1686,2016-09-14,117.86,66.4,84.6
1687,2016-09-15,118.63,66.64,85.08
1688,2016-09-16,118.25,65.82,84.03
1689,2016-09-19,117.66,66.19,83.83
1690,2016-09-20,117.95,66.46,82.54
1691,2016-09-21,118.91,66.84,83.3
1692,2016-09-22,119.46,67.39,83.54
1693,2016-09-23,118.81,67.25,83.45
1694,2016-09-26,117.78,65.78,83.06
1695,2016-09-27,119.22,66.36,83.24
1696,2016-09-28,119.39,66.71,86.9
1697,2016-09-29,117.27,65.65,86.46
1698,2016-09-30,118.13,66.59,87.28
1699,2016-10-03,118.81,66.51,87.05
1700,2016-10-04,118.82,66.6,86.25
1701,2016-10-05,119.18,67.69,87.0
1702,2016-10-06,118.75,67.87,87.04
1703,2016-10-07,119.24,68.11,86.74
1704,2016-10-10,119.8,68.64,88.44
1705,2016-10-11,117.64,68.31,87.74
1706,2016-10-12,117.97,68.13,87.13
1707,2016-10-13,118.26,67.74,86.56
1708,2016-10-14,117.56,67.52,86.54
1709,2016-10-17,118.49,67.17,86.54
1710,2016-10-18,115.41,67.7,86.77
1711,2016-10-19,114.59,68.35,87.17
1712,2016-10-20,114.87,68.26,87.21
1713,2016-10-21,113.44,68.49,86.62
1714,2016-10-24,113.61,68.87,86.91
1715,2016-10-25,113.96,68.8,86.72
1716,2016-10-26,114.56,69.13,87.09
1717,2016-10-27,115.7,69.23,86.92
1718,2016-10-28,115.33,69.11,84.78
1719,2016-10-31,115.99,69.26,83.32
1720,2016-11-01,115.34,68.97,83.65
1721,2016-11-02,114.86,68.68,83.45
1722,2016-11-03,115.03,68.38,83.66
1723,2016-11-04,115.11,67.76,83.57
1724,2016-11-07,116.66,69.88,85.45
1725,2016-11-08,117.05,70.03,85.31
1726,2016-11-09,120.31,73.25,86.25
1727,2016-11-10,119.54,76.65,87.05
1728,2016-11-11,118.47,76.69,85.67
1729,2016-11-14,116.6,79.51,85.28
1730,2016-11-15,116.32,79.36,86.82
1731,2016-11-16,116.36,77.4,85.75
1732,2016-11-17,116.57,78.02,85.23
1733,2016-11-18,115.36,77.71,85.28
1734,2016-11-21,115.0,78.05,86.49
1735,2016-11-22,112.74,78.53,86.68
1736,2016-11-23,113.07,78.86,86.92
1737,2016-11-25,114.13,78.83,87.12
1738,2016-11-28,113.13,78.32,86.47
1739,2016-11-29,112.48,78.92,85.9
1740,2016-11-30,111.3,80.17,87.3
1741,2016-12-01,111.38,81.79,87.24
1742,2016-12-02,111.96,81.6,87.04
1743,2016-12-05,111.94,83.26,87.48
1744,2016-12-06,112.06,83.69,87.56
1745,2016-12-07,111.1,84.07,88.07
1746,2016-12-08,110.99,85.12,88.32
1747,2016-12-09,112.26,85.49,89.0
1748,2016-12-12,115.36,84.73,90.98
1749,2016-12-13,115.89,84.76,92.58
1750,2016-12-14,114.99,84.73,90.58
1751,2016-12-15,115.89,86.0,90.89
1752,2016-12-16,115.88,84.94,91.18
1753,2016-12-19,116.02,85.43,90.42
1754,2016-12-20,115.66,86.53,90.43
1755,2016-12-21,115.31,86.75,90.28
1756,2016-12-22,115.44,86.89,90.87
1757,2016-12-23,115.96,87.05,90.71
1758,2016-12-27,115.91,87.13,90.75
1759,2016-12-28,115.1,86.5,90.3
1760,2016-12-29,115.49,85.89,90.35
1761,2016-12-30,115.21,86.29,90.26